model_key,model_name,bench_device,device_label,backend,precision,batch_size,input_h,input_w,params,gflops,size_mb,latency_ms_mean,latency_ms_median,latency_ms_p95,latency_ms_std,latency_ms_min,fps,throughput_ips,peak_mem_mb,warmup_iters,timed_iters,host,torch_version,notes
iteration1,FireCNN (binary classification),cuda,"NVIDIA GeForce RTX 3060 (12.9 GB, SM 8.6)",pytorch,fp32,1,224,224,389153,1.498156032,4.478059768676758,0.7208959994022734,0.7170999961090274,0.7401999973808415,0.0122907720932143,0.7103000025381334,1394.5056553144375,1394.5056553144375,22.4423828125,50,200,DESKTOP-7FJTRSO,2.5.1+cu121,
iteration1,FireCNN (binary classification),cuda,"NVIDIA GeForce RTX 3060 (12.9 GB, SM 8.6)",pytorch,fp32,4,224,224,389153,5.992624128,4.478059768676758,1.6524604996084236,1.6519499986316075,1.6582000025664456,0.0035739599489292,1.6459000034956262,605.3451986006536,2421.3807944026144,60.9150390625,50,200,DESKTOP-7FJTRSO,2.5.1+cu121,
iteration1,FireCNN (binary classification),cuda,"NVIDIA GeForce RTX 3060 (12.9 GB, SM 8.6)",pytorch,fp32,8,224,224,389153,11.985248256,4.478059768676758,3.114133500130265,3.109450000920333,3.137599996989593,0.0134798898876915,3.0991000021458603,321.600282913062,2572.802263304496,114.2119140625,50,200,DESKTOP-7FJTRSO,2.5.1+cu121,
iteration1,FireCNN (binary classification),cuda,"NVIDIA GeForce RTX 3060 (12.9 GB, SM 8.6)",pytorch,fp32,16,224,224,389153,23.970496512,4.478059768676758,5.9884975002205465,5.978600001981249,6.066300004022196,0.0351479661635905,5.967500001133885,167.26323882992838,2676.211821278854,215.2431640625,50,200,DESKTOP-7FJTRSO,2.5.1+cu121,
iteration1,FireCNN (binary classification),cuda,"NVIDIA GeForce RTX 3060 (12.9 GB, SM 8.6)",pytorch,fp16,1,224,224,389153,0.0,4.478059768676758,0.8361030000742176,0.8278499990410637,0.862000000779517,0.0401922390738446,0.811099998827558,1207.9483012119897,1207.9483012119897,16.85546875,50,200,DESKTOP-7FJTRSO,2.5.1+cu121,
iteration1,FireCNN (binary classification),cuda,"NVIDIA GeForce RTX 3060 (12.9 GB, SM 8.6)",pytorch,fp16,4,224,224,389153,0.0,4.478059768676758,1.0938250003528085,1.0938999985228293,1.096699998015538,0.0038075548803804,1.0889999975915998,914.1603449587448,3656.641379834979,41.6259765625,50,200,DESKTOP-7FJTRSO,2.5.1+cu121,
iteration1,FireCNN (binary classification),cuda,"NVIDIA GeForce RTX 3060 (12.9 GB, SM 8.6)",pytorch,fp16,8,224,224,389153,0.0,4.478059768676758,1.972869000310311,1.972349997231504,1.9801000016741452,0.00399269834379,1.966600000741892,507.0094057361288,4056.07524588903,66.302734375,50,200,DESKTOP-7FJTRSO,2.5.1+cu121,
iteration1,FireCNN (binary classification),cuda,"NVIDIA GeForce RTX 3060 (12.9 GB, SM 8.6)",pytorch,fp16,16,224,224,389153,0.0,4.478059768676758,3.711670999873604,3.711149998707697,3.7163000015425496,0.0065247341646416,3.703700000187382,269.4582542738024,4311.332068380839,125.7197265625,50,200,DESKTOP-7FJTRSO,2.5.1+cu121,
iteration1,FireCNN (binary classification),cpu,"AMD64 Family 25 Model 33 Stepping 2, AuthenticAMD",pytorch,fp32,1,224,224,389153,1.498156032,4.478059768676758,7.279634499827807,6.255399999645306,9.971300001780037,1.4688014543915922,5.939599999692291,159.861879345318,159.861879345318,992.80859375,50,200,DESKTOP-7FJTRSO,2.5.1+cu121,"peak_mem is process RSS, not per-op"
iteration1,FireCNN (binary classification),cpu,"AMD64 Family 25 Model 33 Stepping 2, AuthenticAMD",pytorch,fp32,4,224,224,389153,5.992624128,4.478059768676758,27.089011999378272,25.344700003188336,34.590399998705834,3.242320534468188,24.794199998723343,39.455980929906495,157.82392371962598,1040.421875,50,200,DESKTOP-7FJTRSO,2.5.1+cu121,"peak_mem is process RSS, not per-op"
iteration1,FireCNN (binary classification),cpu,"AMD64 Family 25 Model 33 Stepping 2, AuthenticAMD",pytorch,fp32,8,224,224,389153,11.985248256,4.478059768676758,61.83926999987307,58.757150000019465,76.85749999654945,7.246604708590041,54.87030000222149,17.01920532224025,136.153642577922,1104.4453125,50,200,DESKTOP-7FJTRSO,2.5.1+cu121,"peak_mem is process RSS, not per-op"
iteration1,FireCNN (binary classification),cpu,"AMD64 Family 25 Model 33 Stepping 2, AuthenticAMD",pytorch,fp32,16,224,224,389153,23.970496512,4.478059768676758,129.35322599980282,127.8674500026682,145.8723999967333,8.117714110506745,118.2730000000447,7.820598596273978,125.12957754038364,1206.8046875,50,200,DESKTOP-7FJTRSO,2.5.1+cu121,"peak_mem is process RSS, not per-op"
iteration1,FireCNN (binary classification),cpu,"AMD64 Family 25 Model 33 Stepping 2, AuthenticAMD",pytorch,int8,1,224,224,388896,0.0,4.478059768676758,6.792886000257568,6.320300002698787,9.111300001677591,1.034336019236242,6.130099995061755,158.22033757463998,158.22033757463998,1208.27734375,50,200,DESKTOP-7FJTRSO,2.5.1+cu121,"dynamic-int8 converted 2 modules; params_before=389153; peak_mem is process RSS, not per-op"
iteration1,FireCNN (binary classification),cpu,"AMD64 Family 25 Model 33 Stepping 2, AuthenticAMD",pytorch,int8,4,224,224,388896,0.0,4.478059768676758,29.099229000021296,26.49224999913713,37.19510000519222,4.093559703557273,25.503499993646983,37.74688824213008,150.98755296852033,1208.27734375,50,200,DESKTOP-7FJTRSO,2.5.1+cu121,"dynamic-int8 converted 2 modules; params_before=389153; peak_mem is process RSS, not per-op"
iteration1,FireCNN (binary classification),cpu,"AMD64 Family 25 Model 33 Stepping 2, AuthenticAMD",pytorch,int8,8,224,224,388896,0.0,4.478059768676758,61.76772350027022,58.741799995914334,76.13149999815505,7.534183973133602,55.31229999905918,17.02365266419403,136.18922131355225,1208.30078125,50,200,DESKTOP-7FJTRSO,2.5.1+cu121,"dynamic-int8 converted 2 modules; params_before=389153; peak_mem is process RSS, not per-op"
iteration1,FireCNN (binary classification),cpu,"AMD64 Family 25 Model 33 Stepping 2, AuthenticAMD",pytorch,int8,16,224,224,388896,0.0,4.478059768676758,153.94515150004736,160.5647999967914,179.12239999714075,21.27674608994595,120.46379999810596,6.228015106797899,99.64824170876638,1208.3203125,50,200,DESKTOP-7FJTRSO,2.5.1+cu121,"dynamic-int8 converted 2 modules; params_before=389153; peak_mem is process RSS, not per-op"
iteration2,MobileNetV3-Small (4-class),cuda,"NVIDIA GeForce RTX 3060 (12.9 GB, SM 8.6)",pytorch,fp32,1,224,224,1075748,0.1220252,10.328206062316896,5.7196245001250645,5.692400001862552,5.826600005093496,0.116178431981614,5.643899996357504,175.6728268696508,175.6728268696508,14.822265625,50,200,DESKTOP-7FJTRSO,2.5.1+cu121,
iteration2,MobileNetV3-Small (4-class),cuda,"NVIDIA GeForce RTX 3060 (12.9 GB, SM 8.6)",pytorch,fp32,4,224,224,1075748,0.4881008,10.328206062316896,5.908527500105265,5.853899998328416,6.229400001757313,0.1971904653100125,5.794000004243571,170.82628679778446,683.3051471911378,22.287109375,50,200,DESKTOP-7FJTRSO,2.5.1+cu121,
iteration2,MobileNetV3-Small (4-class),cuda,"NVIDIA GeForce RTX 3060 (12.9 GB, SM 8.6)",pytorch,fp32,8,224,224,1075748,0.9762016,10.328206062316896,5.814761999899929,5.810500002553454,5.847599997650832,0.0269383341680845,5.780400002549868,172.10222864823078,1376.8178291858462,32.240234375,50,200,DESKTOP-7FJTRSO,2.5.1+cu121,
iteration2,MobileNetV3-Small (4-class),cuda,"NVIDIA GeForce RTX 3060 (12.9 GB, SM 8.6)",pytorch,fp32,16,224,224,1075748,1.9524032,10.328206062316896,5.891754999975092,5.882649998966372,5.932799998845439,0.0746972319608829,5.836899996211287,169.99141546338944,2719.862647414231,52.583984375,50,200,DESKTOP-7FJTRSO,2.5.1+cu121,
iteration2,MobileNetV3-Small (4-class),cuda,"NVIDIA GeForce RTX 3060 (12.9 GB, SM 8.6)",pytorch,fp16,1,224,224,1075748,0.0,10.328206062316896,6.568835499856505,6.4817499987839255,6.705100000544917,0.4307388632715707,6.450700006098487,154.27932274271842,154.27932274271842,18.41552734375,50,200,DESKTOP-7FJTRSO,2.5.1+cu121,
iteration2,MobileNetV3-Small (4-class),cuda,"NVIDIA GeForce RTX 3060 (12.9 GB, SM 8.6)",pytorch,fp16,4,224,224,1075748,0.0,10.328206062316896,6.806070000275213,6.611599997995654,7.876399999076966,0.4493624712718349,6.5154999974765815,151.24931942391493,604.9972776956597,21.32177734375,50,200,DESKTOP-7FJTRSO,2.5.1+cu121,
iteration2,MobileNetV3-Small (4-class),cuda,"NVIDIA GeForce RTX 3060 (12.9 GB, SM 8.6)",pytorch,fp16,8,224,224,1075748,0.0,10.328206062316896,6.626526999862108,6.6118499998992775,6.7233000008855015,0.0529998469162576,6.56650000018999,151.2436005074576,1209.948804059661,33.24853515625,50,200,DESKTOP-7FJTRSO,2.5.1+cu121,
iteration2,MobileNetV3-Small (4-class),cuda,"NVIDIA GeForce RTX 3060 (12.9 GB, SM 8.6)",pytorch,fp16,16,224,224,1075748,0.0,10.328206062316896,6.5702134998718975,6.565500003489433,6.626899994444102,0.0338382629774467,6.503599994175602,152.31132426601476,2436.981188256236,39.40087890625,50,200,DESKTOP-7FJTRSO,2.5.1+cu121,
iteration2,MobileNetV3-Small (4-class),cpu,"AMD64 Family 25 Model 33 Stepping 2, AuthenticAMD",pytorch,fp32,1,224,224,1075748,0.1220252,10.328206062316896,5.055948999724933,4.897650000202702,6.350199997541495,0.4099624996063095,4.823000002943445,204.1795554926572,204.1795554926572,1541.30078125,50,200,DESKTOP-7FJTRSO,2.5.1+cu121,"peak_mem is process RSS, not per-op"
iteration2,MobileNetV3-Small (4-class),cpu,"AMD64 Family 25 Model 33 Stepping 2, AuthenticAMD",pytorch,fp32,4,224,224,1075748,0.4881008,10.328206062316896,9.079419500012593,8.578499997383915,11.822200001915917,0.9399280798373056,8.351999997103121,116.57049604300964,466.2819841720386,1545.90234375,50,200,DESKTOP-7FJTRSO,2.5.1+cu121,"peak_mem is process RSS, not per-op"
iteration2,MobileNetV3-Small (4-class),cpu,"AMD64 Family 25 Model 33 Stepping 2, AuthenticAMD",pytorch,fp32,8,224,224,1075748,0.9762016,10.328206062316896,12.81523150009889,12.184150000393856,15.873500000452625,1.171293738378079,11.885899999469984,82.07384183284634,656.5907346627707,1550.61328125,50,200,DESKTOP-7FJTRSO,2.5.1+cu121,"peak_mem is process RSS, not per-op"
iteration2,MobileNetV3-Small (4-class),cpu,"AMD64 Family 25 Model 33 Stepping 2, AuthenticAMD",pytorch,fp32,16,224,224,1075748,1.9524032,10.328206062316896,23.31870900008653,22.492899999633664,28.218299994478,2.445219531729376,20.83929999935208,44.45847356349278,711.3355770158845,1554.921875,50,200,DESKTOP-7FJTRSO,2.5.1+cu121,"peak_mem is process RSS, not per-op"
iteration2,MobileNetV3-Small (4-class),cpu,"AMD64 Family 25 Model 33 Stepping 2, AuthenticAMD",pytorch,int8,1,224,224,927008,0.0,10.328206062316896,5.53823049980565,5.067300004157005,6.874699996842537,0.7644809422510678,4.939699996612035,197.34375292160345,197.34375292160345,1556.83203125,50,200,DESKTOP-7FJTRSO,2.5.1+cu121,"dynamic-int8 converted 4 modules; params_before=1075748; peak_mem is process RSS, not per-op"
iteration2,MobileNetV3-Small (4-class),cpu,"AMD64 Family 25 Model 33 Stepping 2, AuthenticAMD",pytorch,int8,4,224,224,927008,0.0,10.328206062316896,9.25307849989622,8.573800001613563,12.08770000084769,1.1442746436270548,8.4080999949947,116.63439779465384,466.53759117861534,1556.71875,50,200,DESKTOP-7FJTRSO,2.5.1+cu121,"dynamic-int8 converted 4 modules; params_before=1075748; peak_mem is process RSS, not per-op"
iteration2,MobileNetV3-Small (4-class),cpu,"AMD64 Family 25 Model 33 Stepping 2, AuthenticAMD",pytorch,int8,8,224,224,927008,0.0,10.328206062316896,13.031295999971915,12.309799996728543,16.286700003547594,1.2644983767456832,12.03689999965718,81.23608834146455,649.8887067317164,1556.09765625,50,200,DESKTOP-7FJTRSO,2.5.1+cu121,"dynamic-int8 converted 4 modules; params_before=1075748; peak_mem is process RSS, not per-op"
iteration2,MobileNetV3-Small (4-class),cpu,"AMD64 Family 25 Model 33 Stepping 2, AuthenticAMD",pytorch,int8,16,224,224,927008,0.0,10.328206062316896,22.72530550009833,21.70864999789046,26.98740000050748,2.0016594181679497,20.86029999918537,46.06458716213008,737.0333945940812,1555.95703125,50,200,DESKTOP-7FJTRSO,2.5.1+cu121,"dynamic-int8 converted 4 modules; params_before=1075748; peak_mem is process RSS, not per-op"
iteration3,MobileNetV3-Small robust (4-class),cuda,"NVIDIA GeForce RTX 3060 (12.9 GB, SM 8.6)",pytorch,fp32,1,224,224,1075748,0.1220252,10.328267097473145,5.828654000251845,5.813150000903988,5.91310000163503,0.0639114353326997,5.784799999673851,172.02377365877237,172.02377365877237,14.822265625,50,200,DESKTOP-7FJTRSO,2.5.1+cu121,
iteration3,MobileNetV3-Small robust (4-class),cuda,"NVIDIA GeForce RTX 3060 (12.9 GB, SM 8.6)",pytorch,fp32,4,224,224,1075748,0.4881008,10.328267097473145,5.794691499904729,5.786400000943104,5.852800000866409,0.0347209821971809,5.747199997131247,172.81902388998577,691.2760955599431,22.287109375,50,200,DESKTOP-7FJTRSO,2.5.1+cu121,
iteration3,MobileNetV3-Small robust (4-class),cuda,"NVIDIA GeForce RTX 3060 (12.9 GB, SM 8.6)",pytorch,fp32,8,224,224,1075748,0.9762016,10.328267097473145,5.866622499961522,5.854600000020582,5.951200000708923,0.1098443870246863,5.728099997213576,170.8058620565853,1366.4468964526825,32.240234375,50,200,DESKTOP-7FJTRSO,2.5.1+cu121,
iteration3,MobileNetV3-Small robust (4-class),cuda,"NVIDIA GeForce RTX 3060 (12.9 GB, SM 8.6)",pytorch,fp32,16,224,224,1075748,1.9524032,10.328267097473145,5.89775100004772,5.889849999221042,5.961900002148468,0.0381745605805098,5.837800003064331,169.78361081050525,2716.537772968084,52.583984375,50,200,DESKTOP-7FJTRSO,2.5.1+cu121,
iteration3,MobileNetV3-Small robust (4-class),cuda,"NVIDIA GeForce RTX 3060 (12.9 GB, SM 8.6)",pytorch,fp16,1,224,224,1075748,0.0,10.328267097473145,6.538714499911293,6.512700001621852,6.685600004857406,0.1411774350800896,6.451299996115267,153.54614825663256,153.54614825663256,11.56298828125,50,200,DESKTOP-7FJTRSO,2.5.1+cu121,
iteration3,MobileNetV3-Small robust (4-class),cuda,"NVIDIA GeForce RTX 3060 (12.9 GB, SM 8.6)",pytorch,fp16,4,224,224,1075748,0.0,10.328267097473145,6.593681999984256,6.583999998838408,6.67059999977937,0.0870620176390288,6.458099996962119,151.8833536112434,607.5334144449736,15.2509765625,50,200,DESKTOP-7FJTRSO,2.5.1+cu121,
iteration3,MobileNetV3-Small robust (4-class),cuda,"NVIDIA GeForce RTX 3060 (12.9 GB, SM 8.6)",pytorch,fp16,8,224,224,1075748,0.0,10.328267097473145,6.594095999680576,6.584750000911299,6.681400001980364,0.0417416346897685,6.534799998917151,151.86605411923074,1214.928432953846,20.2275390625,50,200,DESKTOP-7FJTRSO,2.5.1+cu121,
iteration3,MobileNetV3-Small robust (4-class),cuda,"NVIDIA GeForce RTX 3060 (12.9 GB, SM 8.6)",pytorch,fp16,16,224,224,1075748,0.0,10.328267097473145,6.519878499930201,6.514100001368206,6.58349999866914,0.0362249429791983,6.457399998907931,153.51314836891703,2456.2103739026725,30.1806640625,50,200,DESKTOP-7FJTRSO,2.5.1+cu121,
iteration3,MobileNetV3-Small robust (4-class),cpu,"AMD64 Family 25 Model 33 Stepping 2, AuthenticAMD",pytorch,fp32,1,224,224,1075748,0.1220252,10.328267097473145,4.972126499887963,4.852149999351241,5.708500000764616,0.3495219815759027,4.741400000057183,206.09420568896377,206.09420568896377,1556.515625,50,200,DESKTOP-7FJTRSO,2.5.1+cu121,"peak_mem is process RSS, not per-op"
iteration3,MobileNetV3-Small robust (4-class),cpu,"AMD64 Family 25 Model 33 Stepping 2, AuthenticAMD",pytorch,fp32,4,224,224,1075748,0.4881008,10.328267097473145,8.922693000313302,8.449699998891447,11.211199998797383,0.8977966116457178,8.298199994897004,118.34739696453062,473.38958785812247,1556.49609375,50,200,DESKTOP-7FJTRSO,2.5.1+cu121,"peak_mem is process RSS, not per-op"
iteration3,MobileNetV3-Small robust (4-class),cpu,"AMD64 Family 25 Model 33 Stepping 2, AuthenticAMD",pytorch,fp32,8,224,224,1075748,0.9762016,10.328267097473145,12.844890000051237,12.250250001670793,14.994099998148158,1.092934147448583,11.811399999714922,81.63098711157825,653.047896892626,1555.4453125,50,200,DESKTOP-7FJTRSO,2.5.1+cu121,"peak_mem is process RSS, not per-op"
iteration3,MobileNetV3-Small robust (4-class),cpu,"AMD64 Family 25 Model 33 Stepping 2, AuthenticAMD",pytorch,fp32,16,224,224,1075748,1.9524032,10.328267097473145,22.664170000207378,21.71129999987897,26.445600000442937,1.8826253454732256,20.892900000035297,46.05896468684852,736.9434349895763,1556.0390625,50,200,DESKTOP-7FJTRSO,2.5.1+cu121,"peak_mem is process RSS, not per-op"
iteration3,MobileNetV3-Small robust (4-class),cpu,"AMD64 Family 25 Model 33 Stepping 2, AuthenticAMD",pytorch,int8,1,224,224,927008,0.0,10.328267097473145,5.174606000109634,5.039800002123229,5.91310000163503,0.3625303464892442,4.939300000842195,198.42057216133728,198.42057216133728,1556.484375,50,200,DESKTOP-7FJTRSO,2.5.1+cu121,"dynamic-int8 converted 4 modules; params_before=1075748; peak_mem is process RSS, not per-op"
iteration3,MobileNetV3-Small robust (4-class),cpu,"AMD64 Family 25 Model 33 Stepping 2, AuthenticAMD",pytorch,int8,4,224,224,927008,0.0,10.328267097473145,9.036695999930089,8.5710499988636,11.899299999640789,0.905003063338538,8.415799995418638,116.67181968750457,466.6872787500182,1556.53515625,50,200,DESKTOP-7FJTRSO,2.5.1+cu121,"dynamic-int8 converted 4 modules; params_before=1075748; peak_mem is process RSS, not per-op"
iteration3,MobileNetV3-Small robust (4-class),cpu,"AMD64 Family 25 Model 33 Stepping 2, AuthenticAMD",pytorch,int8,8,224,224,927008,0.0,10.328267097473145,13.397988499782514,12.91624999794294,16.395999999076594,1.26626832096532,12.06129999627592,77.421852330147,619.374818641176,1556.16015625,50,200,DESKTOP-7FJTRSO,2.5.1+cu121,"dynamic-int8 converted 4 modules; params_before=1075748; peak_mem is process RSS, not per-op"
iteration3,MobileNetV3-Small robust (4-class),cpu,"AMD64 Family 25 Model 33 Stepping 2, AuthenticAMD",pytorch,int8,16,224,224,927008,0.0,10.328267097473145,23.60836299987568,22.105599997303216,30.721600000106264,2.8715374933075912,21.26980000321055,45.23740591171448,723.7984945874316,1556.2421875,50,200,DESKTOP-7FJTRSO,2.5.1+cu121,"dynamic-int8 converted 4 modules; params_before=1075748; peak_mem is process RSS, not per-op"
iteration4,YOLO26n (detection),cuda,"NVIDIA GeForce RTX 3060 (12.9 GB, SM 8.6)",pytorch,fp32,1,640,640,2504580,5.7739264,5.117185592651367,16.68165550006961,16.619850001006853,17.140299998573028,0.3130873367381813,16.42129999527242,60.169014758822655,60.169014758822655,47.70654296875,50,200,DESKTOP-7FJTRSO,2.5.1+cu121,
iteration4,YOLO26n (detection),cuda,"NVIDIA GeForce RTX 3060 (12.9 GB, SM 8.6)",pytorch,fp32,4,640,640,2504580,23.0957056,5.117185592651367,16.918828500056406,16.797799999039853,18.033699998341035,0.4368257651330011,16.487000000779517,59.53160533267208,238.12642133068832,139.76904296875,50,200,DESKTOP-7FJTRSO,2.5.1+cu121,
iteration4,YOLO26n (detection),cuda,"NVIDIA GeForce RTX 3060 (12.9 GB, SM 8.6)",pytorch,fp32,8,640,640,2504580,46.1914112,5.117185592651367,21.120558000111487,21.0981999989599,21.195600005739838,0.2354868207421037,20.975799998268485,47.397408312050224,379.1792664964018,256.51904296875,50,200,DESKTOP-7FJTRSO,2.5.1+cu121,
iteration4,YOLO26n (detection),cuda,"NVIDIA GeForce RTX 3060 (12.9 GB, SM 8.6)",pytorch,fp32,16,640,640,2504580,92.3828224,5.117185592651367,40.09201250017213,40.08814999906463,40.18359999463428,0.0479776382817231,40.00909999740543,24.94502739645838,399.12043834333406,495.01904296875,50,200,DESKTOP-7FJTRSO,2.5.1+cu121,
iteration4,YOLO26n (detection),cuda,"NVIDIA GeForce RTX 3060 (12.9 GB, SM 8.6)",pytorch,fp16,1,640,640,2504580,0.0,5.117185592651367,19.797870999718725,19.51284999813652,21.806099997775164,1.075138737277258,19.25380000466248,51.24827998449741,51.24827998449741,34.34912109375,50,200,DESKTOP-7FJTRSO,2.5.1+cu121,
iteration4,YOLO26n (detection),cuda,"NVIDIA GeForce RTX 3060 (12.9 GB, SM 8.6)",pytorch,fp16,4,640,640,2504580,0.0,5.117185592651367,19.544081999993068,19.477050002024043,20.06289999553701,0.2491567484184965,19.317800004500896,51.34247742322788,205.36990969291156,124.14453125,50,200,DESKTOP-7FJTRSO,2.5.1+cu121,
iteration4,YOLO26n (detection),cuda,"NVIDIA GeForce RTX 3060 (12.9 GB, SM 8.6)",pytorch,fp16,8,640,640,2504580,0.0,5.117185592651367,19.496108499915863,19.33845000530709,20.48340000328608,0.6113409570283193,19.03390000370564,51.71045247812352,413.6836198249881,170.48193359375,50,200,DESKTOP-7FJTRSO,2.5.1+cu121,
iteration4,YOLO26n (detection),cuda,"NVIDIA GeForce RTX 3060 (12.9 GB, SM 8.6)",pytorch,fp16,16,640,640,2504580,0.0,5.117185592651367,24.56660700005159,24.5709499977238,24.684900003194343,0.0779194064081892,24.36299999681069,40.69846709600719,651.175473536115,326.25634765625,50,200,DESKTOP-7FJTRSO,2.5.1+cu121,
iteration4,YOLO26n (detection),cpu,"AMD64 Family 25 Model 33 Stepping 2, AuthenticAMD",pytorch,fp32,1,640,640,2504580,5.7739264,5.117185592651367,46.43603649983561,45.19129999971483,57.606300004408695,5.6596769810403424,40.04530000383966,22.128152985338115,22.128152985338115,1825.5390625,50,200,DESKTOP-7FJTRSO,2.5.1+cu121,"peak_mem is process RSS, not per-op"
iteration4,YOLO26n (detection),cpu,"AMD64 Family 25 Model 33 Stepping 2, AuthenticAMD",pytorch,fp32,4,640,640,2504580,23.0957056,5.117185592651367,151.73549250001088,148.66120000078809,179.03320000186795,12.039906473780528,135.80740000179503,6.7267047487488245,26.906818994995295,1830.65234375,50,200,DESKTOP-7FJTRSO,2.5.1+cu121,"peak_mem is process RSS, not per-op"
iteration4,YOLO26n (detection),cpu,"AMD64 Family 25 Model 33 Stepping 2, AuthenticAMD",pytorch,fp32,8,640,640,2504580,46.1914112,5.117185592651367,320.46352399982425,315.0200499985658,378.4206999989692,23.12908897010314,289.343700002064,3.17440112146688,25.39520897173504,2014.2734375,50,200,DESKTOP-7FJTRSO,2.5.1+cu121,"peak_mem is process RSS, not per-op"
iteration4,YOLO26n (detection),cpu,"AMD64 Family 25 Model 33 Stepping 2, AuthenticAMD",pytorch,fp32,16,640,640,2504580,92.3828224,5.117185592651367,851.5629235002052,843.3534499999951,913.8528999974368,37.25657847811709,680.5489999969723,1.1857424665779286,18.971879465246857,2372.44140625,50,200,DESKTOP-7FJTRSO,2.5.1+cu121,"peak_mem is process RSS, not per-op"
iteration4,YOLO26n (detection),cpu,"AMD64 Family 25 Model 33 Stepping 2, AuthenticAMD",onnxruntime[CPU],fp32,1,640,640,0,0.0,9.35170841217041,23.09091100029036,23.388750003505265,25.63889999873936,1.9244821053616628,17.052900002454408,42.755598304746094,42.755598304746094,0.0,50,200,DESKTOP-7FJTRSO,2.5.1+cu121,exported artifact; ARM-CPU proxy; providers=['CPUExecutionProvider']
iteration5,LightweightUNet (segmentation),cuda,"NVIDIA GeForce RTX 3060 (12.9 GB, SM 8.6)",pytorch,fp32,1,256,256,7849667,28.209840128,89.93886184692383,5.142217499706021,4.879499996604864,5.744000001868699,0.3785612536376024,4.800999995495658,204.93903078098083,204.93903078098083,130.458984375,50,200,DESKTOP-7FJTRSO,2.5.1+cu121,
iteration5,LightweightUNet (segmentation),cuda,"NVIDIA GeForce RTX 3060 (12.9 GB, SM 8.6)",pytorch,fp32,4,256,256,7849667,112.839360512,89.93886184692383,18.500654000054052,18.297950002306607,19.1703000018606,0.4158763706923181,17.878799997561146,54.65093083509037,218.60372334036148,344.083984375,50,200,DESKTOP-7FJTRSO,2.5.1+cu121,
iteration5,LightweightUNet (segmentation),cuda,"NVIDIA GeForce RTX 3060 (12.9 GB, SM 8.6)",pytorch,fp32,8,256,256,7849667,225.678721024,89.93886184692383,36.19025249994593,36.34284999861848,36.73019999405369,0.4398446567971329,35.013400003663264,27.515728679451765,220.1258294356141,649.083984375,50,200,DESKTOP-7FJTRSO,2.5.1+cu121,
iteration5,LightweightUNet (segmentation),cuda,"NVIDIA GeForce RTX 3060 (12.9 GB, SM 8.6)",pytorch,fp32,16,256,256,7849667,451.357442048,89.93886184692383,71.62748600010673,71.53425000069547,72.47500000084983,0.5090835934416451,70.06640000327025,13.979317599475468,223.6690815916075,1258.208984375,50,200,DESKTOP-7FJTRSO,2.5.1+cu121,
iteration5,LightweightUNet (segmentation),cuda,"NVIDIA GeForce RTX 3060 (12.9 GB, SM 8.6)",pytorch,fp16,1,256,256,7849667,0.0,89.93886184692383,4.0763209995566285,3.897549999237526,4.678200006310362,0.3125674386485167,3.810399997746572,256.57143595223386,256.57143595223386,75.18798828125,50,200,DESKTOP-7FJTRSO,2.5.1+cu121,
iteration5,LightweightUNet (segmentation),cuda,"NVIDIA GeForce RTX 3060 (12.9 GB, SM 8.6)",pytorch,fp16,4,256,256,7849667,0.0,89.93886184692383,11.68519400023797,11.732650000340072,11.95490000100108,0.2440650778114936,11.055399998440407,85.23223653403237,340.92894613612947,288.57861328125,50,200,DESKTOP-7FJTRSO,2.5.1+cu121,
iteration5,LightweightUNet (segmentation),cuda,"NVIDIA GeForce RTX 3060 (12.9 GB, SM 8.6)",pytorch,fp16,8,256,256,7849667,0.0,89.93886184692383,22.71014250003645,22.83099999840488,23.189300001831725,0.3634635974468481,21.9234999967739,43.80009636327216,350.40077090617723,553.09423828125,50,200,DESKTOP-7FJTRSO,2.5.1+cu121,
iteration5,LightweightUNet (segmentation),cuda,"NVIDIA GeForce RTX 3060 (12.9 GB, SM 8.6)",pytorch,fp16,16,256,256,7849667,0.0,89.93886184692383,44.549109999898064,44.449500001064735,45.36340000049677,0.4623485478121252,43.54049999528797,22.497440915556894,359.9590546489103,1082.00048828125,50,200,DESKTOP-7FJTRSO,2.5.1+cu121,
iteration5,LightweightUNet (segmentation),cpu,"AMD64 Family 25 Model 33 Stepping 2, AuthenticAMD",pytorch,fp32,1,256,256,7849667,28.209840128,89.93886184692383,108.9221744999304,107.7754499965522,118.98860000655986,5.913516694075581,93.9661000011256,9.278550913329433,9.278550913329433,2417.765625,50,200,DESKTOP-7FJTRSO,2.5.1+cu121,"peak_mem is process RSS, not per-op"
iteration5,LightweightUNet (segmentation),cpu,"AMD64 Family 25 Model 33 Stepping 2, AuthenticAMD",pytorch,fp32,4,256,256,7849667,112.839360512,89.93886184692383,400.1434244999473,419.1653000016231,454.9528999996255,47.61128789002253,301.1354000045685,2.3856936630873973,9.542774652349587,2200.92578125,50,200,DESKTOP-7FJTRSO,2.5.1+cu121,"peak_mem is process RSS, not per-op"
iteration5,LightweightUNet (segmentation),cpu,"AMD64 Family 25 Model 33 Stepping 2, AuthenticAMD",pytorch,fp32,8,256,256,7849667,225.678721024,89.93886184692383,709.7515134999412,694.6071499987738,821.2190999984159,51.09725880969341,633.6637000058545,1.4396626927922715,11.517301542338172,2332.32421875,50,200,DESKTOP-7FJTRSO,2.5.1+cu121,"peak_mem is process RSS, not per-op"
iteration5,LightweightUNet (segmentation),cpu,"AMD64 Family 25 Model 33 Stepping 2, AuthenticAMD",pytorch,fp32,16,256,256,7849667,451.357442048,89.93886184692383,1496.7545515004167,1488.861900001211,1649.2818999977317,74.44198461825161,1380.7362000006833,0.6716539660254497,10.746463456407197,3065.921875,50,200,DESKTOP-7FJTRSO,2.5.1+cu121,"peak_mem is process RSS, not per-op"
iteration5,LightweightUNet (segmentation),cpu,"AMD64 Family 25 Model 33 Stepping 2, AuthenticAMD",pytorch,int8,1,256,256,7849667,0.0,89.93886184692383,79.47518649998528,76.57090000066091,100.51050000038232,9.25654688221952,70.1757999995607,13.059791643971389,13.059791643971389,2425.96875,50,200,DESKTOP-7FJTRSO,2.5.1+cu121,"dynamic-int8 converted 0 modules; params_before=7849667; peak_mem is process RSS, not per-op"
iteration5,LightweightUNet (segmentation),cpu,"AMD64 Family 25 Model 33 Stepping 2, AuthenticAMD",pytorch,int8,4,256,256,7849667,0.0,89.93886184692383,338.5336254999129,329.6371500000532,393.2273000027635,28.80387785254358,301.43940000562,3.033638653895165,12.13455461558066,2426.01953125,50,200,DESKTOP-7FJTRSO,2.5.1+cu121,"dynamic-int8 converted 0 modules; params_before=7849667; peak_mem is process RSS, not per-op"
iteration5,LightweightUNet (segmentation),cpu,"AMD64 Family 25 Model 33 Stepping 2, AuthenticAMD",pytorch,int8,8,256,256,7849667,0.0,89.93886184692383,682.114836499677,676.4346999952977,743.2024000008823,31.327337734883077,629.1507999994792,1.4783392986890702,11.826714389512562,2426.0234375,50,200,DESKTOP-7FJTRSO,2.5.1+cu121,"dynamic-int8 converted 0 modules; params_before=7849667; peak_mem is process RSS, not per-op"
iteration5,LightweightUNet (segmentation),cpu,"AMD64 Family 25 Model 33 Stepping 2, AuthenticAMD",pytorch,int8,16,256,256,7849667,0.0,89.93886184692383,1476.837151499858,1451.4715499972226,1616.4377000022796,93.46890468797606,1384.349599997222,0.6889559771267397,11.023295634027836,3064.4765625,50,200,DESKTOP-7FJTRSO,2.5.1+cu121,"dynamic-int8 converted 0 modules; params_before=7849667; peak_mem is process RSS, not per-op"
iteration1,FireCNN (binary classification),jetson-cpu@15W,NVIDIA Jetson Orin Nano Engineering Reference Developer Kit Super,onnxruntime[CPU],fp32,1,224,224,0,0.0,1.4859704971313477,13.735615699995378,13.670129500042094,13.859542999853147,0.55178937708724,13.472010999976192,73.15219654626686,73.15219654626686,0.0,50,200,jetson,unavailable (ModuleNotFoundError),power_mode=15W
iteration1,FireCNN (binary classification),jetson-cuda@15W,NVIDIA Jetson Orin Nano Engineering Reference Developer Kit Super,tensorrt[trtexec],fp16,1,224,224,0,0.0,0.8593711853027344,0.604615,0.604614,0.609619,0.0,0.604614,1653.94780802297,1653.94780802297,0.0,0,200,jetson,unavailable (ModuleNotFoundError),trtexec GPU-compute time; p95 column holds percentile(99%); --noDataTransfers; power_mode=15W
iteration1,FireCNN (binary classification),jetson-cuda@15W,NVIDIA Jetson Orin Nano Engineering Reference Developer Kit Super,tensorrt[trtexec],fp32,1,224,224,0,0.0,1.604389190673828,1.37664,1.37646,1.38184,0.0,1.37646,726.50131496738,726.50131496738,0.0,0,200,jetson,unavailable (ModuleNotFoundError),trtexec GPU-compute time; p95 column holds percentile(99%); --noDataTransfers; power_mode=15W
iteration2,MobileNetV3-Small (4-class),jetson-cpu@15W,NVIDIA Jetson Orin Nano Engineering Reference Developer Kit Super,onnxruntime[CPU],fp32,1,224,224,0,0.0,4.121953964233398,5.298518439985855,5.142918999808899,5.792618000214134,0.7578509948020391,5.071283999768639,194.4421057452311,194.4421057452311,0.0,50,200,jetson,unavailable (ModuleNotFoundError),power_mode=15W
iteration2,MobileNetV3-Small (4-class),jetson-cuda@15W,NVIDIA Jetson Orin Nano Engineering Reference Developer Kit Super,tensorrt[trtexec],fp16,1,224,224,0,0.0,3.0082740783691406,1.30931,1.30933,1.31641,0.0,1.30933,763.7493985473486,763.7493985473486,0.0,0,200,jetson,unavailable (ModuleNotFoundError),trtexec GPU-compute time; p95 column holds percentile(99%); --noDataTransfers; power_mode=15W
iteration2,MobileNetV3-Small (4-class),jetson-cuda@15W,NVIDIA Jetson Orin Nano Engineering Reference Developer Kit Super,tensorrt[trtexec],fp32,1,224,224,0,0.0,5.049190521240234,1.79927,1.79919,1.8064,0.0,1.79919,555.8056681062034,555.8056681062034,0.0,0,200,jetson,unavailable (ModuleNotFoundError),trtexec GPU-compute time; p95 column holds percentile(99%); --noDataTransfers; power_mode=15W
iteration3,MobileNetV3-Small robust (4-class),jetson-cpu@15W,NVIDIA Jetson Orin Nano Engineering Reference Developer Kit Super,onnxruntime[CPU],fp32,1,224,224,0,0.0,4.121953964233398,5.174515289991177,5.129045999865411,5.277434000163339,0.3731624447051302,5.066037000233337,194.96803109705792,194.96803109705792,0.0,50,200,jetson,unavailable (ModuleNotFoundError),power_mode=15W
iteration3,MobileNetV3-Small robust (4-class),jetson-cuda@15W,NVIDIA Jetson Orin Nano Engineering Reference Developer Kit Super,tensorrt[trtexec],fp16,1,224,224,0,0.0,3.138614654541016,1.31953,1.31958,1.32642,0.0,1.31958,757.816881128844,757.816881128844,0.0,0,200,jetson,unavailable (ModuleNotFoundError),trtexec GPU-compute time; p95 column holds percentile(99%); --noDataTransfers; power_mode=15W
iteration3,MobileNetV3-Small robust (4-class),jetson-cuda@15W,NVIDIA Jetson Orin Nano Engineering Reference Developer Kit Super,tensorrt[trtexec],fp32,1,224,224,0,0.0,5.021099090576172,1.88597,1.88574,1.89282,0.0,1.88574,530.2957989966803,530.2957989966803,0.0,0,200,jetson,unavailable (ModuleNotFoundError),trtexec GPU-compute time; p95 column holds percentile(99%); --noDataTransfers; power_mode=15W
iteration4,YOLO26n (detection),jetson-cpu@15W,NVIDIA Jetson Orin Nano Engineering Reference Developer Kit Super,onnxruntime[CPU],fp32,1,640,640,0,0.0,9.66083812713623,88.73108666500002,87.80214649982554,93.78581400005714,3.157588179837299,86.9881409998925,11.389243200358283,11.389243200358283,0.0,50,200,jetson,unavailable (ModuleNotFoundError),power_mode=15W
iteration4,YOLO26n (detection),jetson-cuda@15W,NVIDIA Jetson Orin Nano Engineering Reference Developer Kit Super,tensorrt[trtexec],fp16,1,640,640,0,0.0,9.125308990478516,9.03463,9.03455,9.05054,0.0,9.03455,110.68619909126632,110.68619909126632,0.0,0,200,jetson,unavailable (ModuleNotFoundError),trtexec GPU-compute time; p95 column holds percentile(99%); --noDataTransfers; power_mode=15W
iteration4,YOLO26n (detection),jetson-cuda@15W,NVIDIA Jetson Orin Nano Engineering Reference Developer Kit Super,tensorrt[trtexec],fp32,1,640,640,0,0.0,12.732288360595703,13.7895,13.788,13.814,0.0,13.788,72.5268349289237,72.5268349289237,0.0,0,200,jetson,unavailable (ModuleNotFoundError),trtexec GPU-compute time; p95 column holds percentile(99%); --noDataTransfers; power_mode=15W
iteration5,LightweightUNet (segmentation),jetson-cpu@15W,NVIDIA Jetson Orin Nano Engineering Reference Developer Kit Super,onnxruntime[CPU],fp32,1,256,256,0,0.0,29.94456386566162,264.7353147049944,263.44485200002055,269.0638589997434,3.5240038150497544,262.3117920002187,3.795860850603837,3.795860850603837,0.0,50,200,jetson,unavailable (ModuleNotFoundError),power_mode=15W
iteration5,LightweightUNet (segmentation),jetson-cuda@15W,NVIDIA Jetson Orin Nano Engineering Reference Developer Kit Super,tensorrt[trtexec],fp16,1,256,256,0,0.0,15.30405044555664,6.50669,6.50684,6.52539,0.0,6.50684,153.68443053771108,153.68443053771108,0.0,0,200,jetson,unavailable (ModuleNotFoundError),trtexec GPU-compute time; p95 column holds percentile(99%); --noDataTransfers; power_mode=15W
iteration5,LightweightUNet (segmentation),jetson-cuda@15W,NVIDIA Jetson Orin Nano Engineering Reference Developer Kit Super,tensorrt[trtexec],fp32,1,256,256,0,0.0,30.28677749633789,17.4764,17.4768,17.4929,0.0,17.4768,57.218712807836674,57.218712807836674,0.0,0,200,jetson,unavailable (ModuleNotFoundError),trtexec GPU-compute time; p95 column holds percentile(99%); --noDataTransfers; power_mode=15W
iteration1,FireCNN (binary classification),jetson-cpu@MAXN_SUPER,NVIDIA Jetson Orin Nano Engineering Reference Developer Kit Super,onnxruntime[CPU],fp32,1,224,224,0,0.0,1.4859704971313477,12.05239955501156,12.012691000109044,12.26809099989623,0.46238551635127,11.79534099992452,83.24529449653892,83.24529449653892,0.0,50,200,jetson,unavailable (ModuleNotFoundError),power_mode=MAXN_SUPER
iteration1,FireCNN (binary classification),jetson-cuda@MAXN_SUPER,NVIDIA Jetson Orin Nano Engineering Reference Developer Kit Super,tensorrt[trtexec],fp16,1,224,224,0,0.0,0.8593711853027344,0.370784,0.37085,0.373291,0.0,0.37085,2696.508022111366,2696.508022111366,0.0,0,200,jetson,unavailable (ModuleNotFoundError),trtexec GPU-compute time; p95 column holds percentile(99%); --noDataTransfers; power_mode=MAXN_SUPER
iteration1,FireCNN (binary classification),jetson-cuda@MAXN_SUPER,NVIDIA Jetson Orin Nano Engineering Reference Developer Kit Super,tensorrt[trtexec],fp32,1,224,224,0,0.0,1.604389190673828,0.846197,0.846069,0.849854,0.0,0.846069,1181.936697834337,1181.936697834337,0.0,0,200,jetson,unavailable (ModuleNotFoundError),trtexec GPU-compute time; p95 column holds percentile(99%); --noDataTransfers; power_mode=MAXN_SUPER
iteration2,MobileNetV3-Small (4-class),jetson-cpu@MAXN_SUPER,NVIDIA Jetson Orin Nano Engineering Reference Developer Kit Super,onnxruntime[CPU],fp32,1,224,224,0,0.0,4.121953964233398,4.492032430007384,4.543968000007226,4.663684000206558,0.2392657842566438,4.229015999953845,220.0719723374834,220.0719723374834,0.0,50,200,jetson,unavailable (ModuleNotFoundError),power_mode=MAXN_SUPER
iteration2,MobileNetV3-Small (4-class),jetson-cuda@MAXN_SUPER,NVIDIA Jetson Orin Nano Engineering Reference Developer Kit Super,tensorrt[trtexec],fp16,1,224,224,0,0.0,3.0082740783691406,0.903978,0.903992,0.910156,0.0,0.903992,1106.204479685661,1106.204479685661,0.0,0,200,jetson,unavailable (ModuleNotFoundError),trtexec GPU-compute time; p95 column holds percentile(99%); --noDataTransfers; power_mode=MAXN_SUPER
iteration2,MobileNetV3-Small (4-class),jetson-cuda@MAXN_SUPER,NVIDIA Jetson Orin Nano Engineering Reference Developer Kit Super,tensorrt[trtexec],fp32,1,224,224,0,0.0,5.049190521240234,1.21972,1.21973,1.22559,0.0,1.21973,819.8535741516565,819.8535741516565,0.0,0,200,jetson,unavailable (ModuleNotFoundError),trtexec GPU-compute time; p95 column holds percentile(99%); --noDataTransfers; power_mode=MAXN_SUPER
iteration3,MobileNetV3-Small robust (4-class),jetson-cpu@MAXN_SUPER,NVIDIA Jetson Orin Nano Engineering Reference Developer Kit Super,onnxruntime[CPU],fp32,1,224,224,0,0.0,4.121953964233398,4.588052969977525,4.565184500052055,4.687715999807551,0.1139250092966616,4.515136000009079,219.04919724243288,219.04919724243288,0.0,50,200,jetson,unavailable (ModuleNotFoundError),power_mode=MAXN_SUPER
iteration3,MobileNetV3-Small robust (4-class),jetson-cuda@MAXN_SUPER,NVIDIA Jetson Orin Nano Engineering Reference Developer Kit Super,tensorrt[trtexec],fp16,1,224,224,0,0.0,3.138614654541016,0.916342,0.91626,0.922607,0.0,0.91626,1091.3932726518674,1091.3932726518674,0.0,0,200,jetson,unavailable (ModuleNotFoundError),trtexec GPU-compute time; p95 column holds percentile(99%); --noDataTransfers; power_mode=MAXN_SUPER
iteration3,MobileNetV3-Small robust (4-class),jetson-cuda@MAXN_SUPER,NVIDIA Jetson Orin Nano Engineering Reference Developer Kit Super,tensorrt[trtexec],fp32,1,224,224,0,0.0,5.021099090576172,1.27036,1.27051,1.27686,0.0,1.27051,787.0855010979842,787.0855010979842,0.0,0,200,jetson,unavailable (ModuleNotFoundError),trtexec GPU-compute time; p95 column holds percentile(99%); --noDataTransfers; power_mode=MAXN_SUPER
iteration4,YOLO26n (detection),jetson-cpu@MAXN_SUPER,NVIDIA Jetson Orin Nano Engineering Reference Developer Kit Super,onnxruntime[CPU],fp32,1,640,640,0,0.0,9.66083812713623,78.36525942000662,77.75665099984508,82.48843100000158,1.9464614412208796,77.11279300019669,12.860636191777246,12.860636191777246,0.0,50,200,jetson,unavailable (ModuleNotFoundError),power_mode=MAXN_SUPER
iteration4,YOLO26n (detection),jetson-cuda@MAXN_SUPER,NVIDIA Jetson Orin Nano Engineering Reference Developer Kit Super,tensorrt[trtexec],fp16,1,640,640,0,0.0,9.125308990478516,5.54826,5.54858,5.55981,0.0,5.54858,180.22629213240145,180.22629213240145,0.0,0,200,jetson,unavailable (ModuleNotFoundError),trtexec GPU-compute time; p95 column holds percentile(99%); --noDataTransfers; power_mode=MAXN_SUPER
iteration4,YOLO26n (detection),jetson-cuda@MAXN_SUPER,NVIDIA Jetson Orin Nano Engineering Reference Developer Kit Super,tensorrt[trtexec],fp32,1,640,640,0,0.0,12.732288360595703,8.53359,8.53247,8.55347,0.0,8.53247,117.19935727872468,117.19935727872468,0.0,0,200,jetson,unavailable (ModuleNotFoundError),trtexec GPU-compute time; p95 column holds percentile(99%); --noDataTransfers; power_mode=MAXN_SUPER
iteration5,LightweightUNet (segmentation),jetson-cpu@MAXN_SUPER,NVIDIA Jetson Orin Nano Engineering Reference Developer Kit Super,onnxruntime[CPU],fp32,1,256,256,0,0.0,29.94456386566162,232.6878040799784,230.8251025001482,240.02873800009183,4.839990855469065,229.86676399978023,4.3322844403344645,4.3322844403344645,0.0,50,200,jetson,unavailable (ModuleNotFoundError),power_mode=MAXN_SUPER
iteration5,LightweightUNet (segmentation),jetson-cuda@MAXN_SUPER,NVIDIA Jetson Orin Nano Engineering Reference Developer Kit Super,tensorrt[trtexec],fp16,1,256,256,0,0.0,15.30405044555664,3.95776,3.95728,3.98071,0.0,3.95728,252.6988234342781,252.6988234342781,0.0,0,200,jetson,unavailable (ModuleNotFoundError),trtexec GPU-compute time; p95 column holds percentile(99%); --noDataTransfers; power_mode=MAXN_SUPER
iteration5,LightweightUNet (segmentation),jetson-cuda@MAXN_SUPER,NVIDIA Jetson Orin Nano Engineering Reference Developer Kit Super,tensorrt[trtexec],fp32,1,256,256,0,0.0,30.28677749633789,10.6685,10.6643,11.0781,0.0,10.6643,93.77080539744756,93.77080539744756,0.0,0,200,jetson,unavailable (ModuleNotFoundError),trtexec GPU-compute time; p95 column holds percentile(99%); --noDataTransfers; power_mode=MAXN_SUPER
iteration1,FireCNN (binary classification),jetson-cpu@25W,NVIDIA Jetson Orin Nano Engineering Reference Developer Kit Super,onnxruntime[CPU],fp32,1,224,224,0,0.0,1.4859704971313477,15.23546595501557,15.12692850019448,15.49005800006853,0.5693795152163524,14.930331999948976,66.10727352794345,66.10727352794345,0.0,50,200,jetson,unavailable (ModuleNotFoundError),power_mode=25W
iteration1,FireCNN (binary classification),jetson-cuda@25W,NVIDIA Jetson Orin Nano Engineering Reference Developer Kit Super,tensorrt[trtexec],fp16,1,224,224,0,0.0,0.8593711853027344,0.40146,0.401367,0.404541,0.0,0.401367,2491.485348820406,2491.485348820406,0.0,0,200,jetson,unavailable (ModuleNotFoundError),trtexec GPU-compute time; p95 column holds percentile(99%); --noDataTransfers; power_mode=25W
iteration1,FireCNN (binary classification),jetson-cuda@25W,NVIDIA Jetson Orin Nano Engineering Reference Developer Kit Super,tensorrt[trtexec],fp32,1,224,224,0,0.0,1.604389190673828,0.924958,0.924866,0.935303,0.0,0.924866,1081.2377144364698,1081.2377144364698,0.0,0,200,jetson,unavailable (ModuleNotFoundError),trtexec GPU-compute time; p95 column holds percentile(99%); --noDataTransfers; power_mode=25W
iteration2,MobileNetV3-Small (4-class),jetson-cpu@25W,NVIDIA Jetson Orin Nano Engineering Reference Developer Kit Super,onnxruntime[CPU],fp32,1,224,224,0,0.0,4.121953964233398,5.8911905549962285,5.62345100024686,7.75938100014173,0.9993261603988924,5.318066999734583,177.82674730447582,177.82674730447582,0.0,50,200,jetson,unavailable (ModuleNotFoundError),power_mode=25W
iteration2,MobileNetV3-Small (4-class),jetson-cuda@25W,NVIDIA Jetson Orin Nano Engineering Reference Developer Kit Super,tensorrt[trtexec],fp16,1,224,224,0,0.0,3.0082740783691406,0.975706,0.975586,0.982178,0.0,0.975586,1025.0249593577605,1025.0249593577605,0.0,0,200,jetson,unavailable (ModuleNotFoundError),trtexec GPU-compute time; p95 column holds percentile(99%); --noDataTransfers; power_mode=25W
iteration2,MobileNetV3-Small (4-class),jetson-cuda@25W,NVIDIA Jetson Orin Nano Engineering Reference Developer Kit Super,tensorrt[trtexec],fp32,1,224,224,0,0.0,5.049190521240234,1.31507,1.31519,1.32153,0.0,1.31519,760.3464138261392,760.3464138261392,0.0,0,200,jetson,unavailable (ModuleNotFoundError),trtexec GPU-compute time; p95 column holds percentile(99%); --noDataTransfers; power_mode=25W
iteration3,MobileNetV3-Small robust (4-class),jetson-cpu@25W,NVIDIA Jetson Orin Nano Engineering Reference Developer Kit Super,onnxruntime[CPU],fp32,1,224,224,0,0.0,4.121953964233398,5.659588939995501,5.620042500140698,5.885537999802182,0.2771055979461627,5.538807999982964,177.93459746522643,177.93459746522643,0.0,50,200,jetson,unavailable (ModuleNotFoundError),power_mode=25W
iteration3,MobileNetV3-Small robust (4-class),jetson-cuda@25W,NVIDIA Jetson Orin Nano Engineering Reference Developer Kit Super,tensorrt[trtexec],fp16,1,224,224,0,0.0,3.138614654541016,0.981237,0.981201,0.987549,0.0,0.981201,1019.159173298845,1019.159173298845,0.0,0,200,jetson,unavailable (ModuleNotFoundError),trtexec GPU-compute time; p95 column holds percentile(99%); --noDataTransfers; power_mode=25W
iteration3,MobileNetV3-Small robust (4-class),jetson-cuda@25W,NVIDIA Jetson Orin Nano Engineering Reference Developer Kit Super,tensorrt[trtexec],fp32,1,224,224,0,0.0,5.021099090576172,1.37196,1.37207,1.37793,0.0,1.37207,728.82578877171,728.82578877171,0.0,0,200,jetson,unavailable (ModuleNotFoundError),trtexec GPU-compute time; p95 column holds percentile(99%); --noDataTransfers; power_mode=25W
iteration4,YOLO26n (detection),jetson-cpu@25W,NVIDIA Jetson Orin Nano Engineering Reference Developer Kit Super,onnxruntime[CPU],fp32,1,640,640,0,0.0,9.66083812713623,96.65523361500618,95.5738125001062,102.24949999974342,2.978406021464533,94.865776000006,10.463117184939009,10.463117184939009,0.0,50,200,jetson,unavailable (ModuleNotFoundError),power_mode=25W
iteration4,YOLO26n (detection),jetson-cuda@25W,NVIDIA Jetson Orin Nano Engineering Reference Developer Kit Super,tensorrt[trtexec],fp16,1,640,640,0,0.0,9.125308990478516,6.02095,6.02112,6.0332,0.0,6.02112,166.08205782312925,166.08205782312925,0.0,0,200,jetson,unavailable (ModuleNotFoundError),trtexec GPU-compute time; p95 column holds percentile(99%); --noDataTransfers; power_mode=25W
iteration4,YOLO26n (detection),jetson-cuda@25W,NVIDIA Jetson Orin Nano Engineering Reference Developer Kit Super,tensorrt[trtexec],fp32,1,640,640,0,0.0,12.732288360595703,9.25171,9.25171,9.26611,0.0,9.25171,108.08812641122562,108.08812641122562,0.0,0,200,jetson,unavailable (ModuleNotFoundError),trtexec GPU-compute time; p95 column holds percentile(99%); --noDataTransfers; power_mode=25W
iteration5,LightweightUNet (segmentation),jetson-cpu@25W,NVIDIA Jetson Orin Nano Engineering Reference Developer Kit Super,onnxruntime[CPU],fp32,1,256,256,0,0.0,29.94456386566162,292.0873938249815,290.51537249983994,297.3281849999694,3.6072191224633454,289.4724780003344,3.4421586417102623,3.4421586417102623,0.0,50,200,jetson,unavailable (ModuleNotFoundError),power_mode=25W
iteration5,LightweightUNet (segmentation),jetson-cuda@25W,NVIDIA Jetson Orin Nano Engineering Reference Developer Kit Super,tensorrt[trtexec],fp16,1,256,256,0,0.0,15.30405044555664,4.35403,4.35364,4.36548,0.0,4.35364,229.69285471467552,229.69285471467552,0.0,0,200,jetson,unavailable (ModuleNotFoundError),trtexec GPU-compute time; p95 column holds percentile(99%); --noDataTransfers; power_mode=25W
iteration5,LightweightUNet (segmentation),jetson-cuda@25W,NVIDIA Jetson Orin Nano Engineering Reference Developer Kit Super,tensorrt[trtexec],fp32,1,256,256,0,0.0,30.28677749633789,11.7015,11.7017,11.7144,0.0,11.7017,85.45766854388678,85.45766854388678,0.0,0,200,jetson,unavailable (ModuleNotFoundError),trtexec GPU-compute time; p95 column holds percentile(99%); --noDataTransfers; power_mode=25W
iteration1,FireCNN (binary classification),cpu,"AMD64 Family 25 Model 33 Stepping 2, AuthenticAMD",onnxruntime[CPU],fp32,1,224,224,0,0.0,1.4859704971313477,2.8514239999822166,2.3401499997817155,3.9019999994707177,0.7449369656572737,2.1462000004248694,427.3230348880533,427.3230348880533,0.0,50,200,DESKTOP-7FJTRSO,2.5.1+cu121,matched-runtime x86 CPU baseline vs Jetson ARM; providers=['CPUExecutionProvider']
iteration2,MobileNetV3-Small (4-class),cpu,"AMD64 Family 25 Model 33 Stepping 2, AuthenticAMD",onnxruntime[CPU],fp32,1,224,224,0,0.0,4.121953964233398,1.0115515000370578,0.961600000209728,1.2822999997297302,0.12848528401182863,0.895700000000943,1039.9334440327546,1039.9334440327546,0.0,50,200,DESKTOP-7FJTRSO,2.5.1+cu121,matched-runtime x86 CPU baseline vs Jetson ARM; providers=['CPUExecutionProvider']
iteration3,MobileNetV3-Small robust (4-class),cpu,"AMD64 Family 25 Model 33 Stepping 2, AuthenticAMD",onnxruntime[CPU],fp32,1,224,224,0,0.0,4.121953964233398,1.1059345000103349,1.0509499998079264,1.4037000000826083,0.198613657254551,0.904399999853922,951.5200534590247,951.5200534590247,0.0,50,200,DESKTOP-7FJTRSO,2.5.1+cu121,matched-runtime x86 CPU baseline vs Jetson ARM; providers=['CPUExecutionProvider']
iteration4,YOLO26n (detection),cpu,"AMD64 Family 25 Model 33 Stepping 2, AuthenticAMD",onnxruntime[CPU],fp32,1,640,640,0,0.0,9.66083812713623,22.956931000012446,22.77284999991025,24.246700000730925,2.4110409677436966,16.92929999990156,43.91193899770741,43.91193899770741,0.0,50,200,DESKTOP-7FJTRSO,2.5.1+cu121,matched-runtime x86 CPU baseline vs Jetson ARM; providers=['CPUExecutionProvider']
iteration5,LightweightUNet (segmentation),cpu,"AMD64 Family 25 Model 33 Stepping 2, AuthenticAMD",onnxruntime[CPU],fp32,1,256,256,0,0.0,29.94456386566162,65.66523649994906,69.4312999999056,76.08230000005278,9.308598175824791,42.93299999972078,14.402726148024875,14.402726148024875,0.0,50,200,DESKTOP-7FJTRSO,2.5.1+cu121,matched-runtime x86 CPU baseline vs Jetson ARM; providers=['CPUExecutionProvider']
