run_id,method,backbone,seed,split,metric,value,timestamp,git_sha,git_dirty
common_evaluation-20260731-212904,common_evaluation,,,test,n_images,200.0,2026-07-31T21:29:04+00:00,0e8e107,1
common_evaluation-20260731-212904,common_evaluation,,,test,rows,9.0,2026-07-31T21:29:04+00:00,0e8e107,1
common_evaluation-20260731-221026,common_evaluation,,,test,n_images,4306.0,2026-07-31T22:10:25+00:00,0e8e107,1
common_evaluation-20260731-221026,common_evaluation,,,test,rows,29.0,2026-07-31T22:10:25+00:00,0e8e107,1
comparison-seed42-20260731-234415,comparison,firecnn,42.0,test,best_val_loss,0.6652007709206517,2026-07-31T23:44:15+00:00,0e8e107,1
comparison-seed42-20260731-234415,comparison,firecnn,42.0,test,epochs_completed,15.0,2026-07-31T23:44:15+00:00,0e8e107,1
comparison-seed42-20260731-234415,comparison,firecnn,42.0,test,global_epoch_offset,15.0,2026-07-31T23:44:15+00:00,0e8e107,1
comparison-seed42-20260731-234415,comparison,firecnn,42.0,test,n_parameters,389924.0,2026-07-31T23:44:15+00:00,0e8e107,1
comparison-seed42-20260731-234415,comparison,firecnn,42.0,test,test_accuracy,0.718532280538783,2026-07-31T23:44:15+00:00,0e8e107,1
comparison-seed42-20260731-234415,comparison,firecnn,42.0,test,test_loss,0.6805176612558999,2026-07-31T23:44:15+00:00,0e8e107,1
comparison-seed42-20260731-234415,comparison,firecnn,42.0,test,test_metrics.accuracy,0.718532280538783,2026-07-31T23:44:15+00:00,0e8e107,1
comparison-seed42-20260731-234415,comparison,firecnn,42.0,test,test_metrics.f1/Both,0.6453333333333333,2026-07-31T23:44:15+00:00,0e8e107,1
comparison-seed42-20260731-234415,comparison,firecnn,42.0,test,test_metrics.f1/Neither,0.810207336523126,2026-07-31T23:44:15+00:00,0e8e107,1
comparison-seed42-20260731-234415,comparison,firecnn,42.0,test,test_metrics.f1/Only_Fire,0.4705882352941176,2026-07-31T23:44:15+00:00,0e8e107,1
comparison-seed42-20260731-234415,comparison,firecnn,42.0,test,test_metrics.f1/Only_Smoke,0.6994619523443505,2026-07-31T23:44:15+00:00,0e8e107,1
comparison-seed42-20260731-234415,comparison,firecnn,42.0,test,test_metrics.f1_macro,0.6563977143737318,2026-07-31T23:44:15+00:00,0e8e107,1
comparison-seed43-20260731-235413,comparison,firecnn,43.0,test,best_val_loss,0.6957189109910877,2026-07-31T23:54:12+00:00,0e8e107,1
comparison-seed43-20260731-235413,comparison,firecnn,43.0,test,epochs_completed,15.0,2026-07-31T23:54:12+00:00,0e8e107,1
comparison-seed43-20260731-235413,comparison,firecnn,43.0,test,global_epoch_offset,15.0,2026-07-31T23:54:12+00:00,0e8e107,1
comparison-seed43-20260731-235413,comparison,firecnn,43.0,test,n_parameters,389924.0,2026-07-31T23:54:12+00:00,0e8e107,1
comparison-seed43-20260731-235413,comparison,firecnn,43.0,test,test_accuracy,0.7018114259173247,2026-07-31T23:54:12+00:00,0e8e107,1
comparison-seed43-20260731-235413,comparison,firecnn,43.0,test,test_loss,0.7164669469850207,2026-07-31T23:54:12+00:00,0e8e107,1
comparison-seed43-20260731-235413,comparison,firecnn,43.0,test,test_metrics.accuracy,0.7018114259173247,2026-07-31T23:54:12+00:00,0e8e107,1
comparison-seed43-20260731-235413,comparison,firecnn,43.0,test,test_metrics.f1/Both,0.6579572446555819,2026-07-31T23:54:12+00:00,0e8e107,1
comparison-seed43-20260731-235413,comparison,firecnn,43.0,test,test_metrics.f1/Neither,0.7769703745108999,2026-07-31T23:54:12+00:00,0e8e107,1
comparison-seed43-20260731-235413,comparison,firecnn,43.0,test,test_metrics.f1/Only_Fire,0.4730617608409987,2026-07-31T23:54:12+00:00,0e8e107,1
comparison-seed43-20260731-235413,comparison,firecnn,43.0,test,test_metrics.f1/Only_Smoke,0.6937041328698339,2026-07-31T23:54:12+00:00,0e8e107,1
comparison-seed43-20260731-235413,comparison,firecnn,43.0,test,test_metrics.f1_macro,0.6504233782193286,2026-07-31T23:54:12+00:00,0e8e107,1
comparison-seed44-20260801-000402,comparison,firecnn,44.0,test,best_val_loss,0.6496828904302707,2026-08-01T00:04:02+00:00,0e8e107,1
comparison-seed44-20260801-000402,comparison,firecnn,44.0,test,epochs_completed,15.0,2026-08-01T00:04:02+00:00,0e8e107,1
comparison-seed44-20260801-000402,comparison,firecnn,44.0,test,global_epoch_offset,15.0,2026-08-01T00:04:02+00:00,0e8e107,1
comparison-seed44-20260801-000402,comparison,firecnn,44.0,test,n_parameters,389924.0,2026-08-01T00:04:02+00:00,0e8e107,1
comparison-seed44-20260801-000402,comparison,firecnn,44.0,test,test_accuracy,0.7338597306084533,2026-08-01T00:04:02+00:00,0e8e107,1
comparison-seed44-20260801-000402,comparison,firecnn,44.0,test,test_loss,0.6443166138264284,2026-08-01T00:04:02+00:00,0e8e107,1
comparison-seed44-20260801-000402,comparison,firecnn,44.0,test,test_metrics.accuracy,0.7338597306084533,2026-08-01T00:04:02+00:00,0e8e107,1
comparison-seed44-20260801-000402,comparison,firecnn,44.0,test,test_metrics.f1/Both,0.6706666666666666,2026-08-01T00:04:02+00:00,0e8e107,1
comparison-seed44-20260801-000402,comparison,firecnn,44.0,test,test_metrics.f1/Neither,0.8136496934150893,2026-08-01T00:04:02+00:00,0e8e107,1
comparison-seed44-20260801-000402,comparison,firecnn,44.0,test,test_metrics.f1/Only_Fire,0.5013774104683195,2026-08-01T00:04:02+00:00,0e8e107,1
comparison-seed44-20260801-000402,comparison,firecnn,44.0,test,test_metrics.f1/Only_Smoke,0.720303605313093,2026-08-01T00:04:02+00:00,0e8e107,1
comparison-seed44-20260801-000402,comparison,firecnn,44.0,test,test_metrics.f1_macro,0.676499343965792,2026-08-01T00:04:02+00:00,0e8e107,1
comparison-seed42-20260801-001346,comparison,efficientnet_b0,42.0,test,best_val_loss,0.3564608311493979,2026-08-01T00:13:46+00:00,0e8e107,1
comparison-seed42-20260801-001346,comparison,efficientnet_b0,42.0,test,finetune.best_val_loss,0.3564608311493979,2026-08-01T00:13:46+00:00,0e8e107,1
comparison-seed42-20260801-001346,comparison,efficientnet_b0,42.0,test,finetune.epochs_completed,10.0,2026-08-01T00:13:46+00:00,0e8e107,1
comparison-seed42-20260801-001346,comparison,efficientnet_b0,42.0,test,finetune.global_epoch_offset,15.0,2026-08-01T00:13:46+00:00,0e8e107,1
comparison-seed42-20260801-001346,comparison,efficientnet_b0,42.0,test,head.best_val_loss,0.4482324003557806,2026-08-01T00:13:46+00:00,0e8e107,1
comparison-seed42-20260801-001346,comparison,efficientnet_b0,42.0,test,head.epochs_completed,5.0,2026-08-01T00:13:46+00:00,0e8e107,1
comparison-seed42-20260801-001346,comparison,efficientnet_b0,42.0,test,head.global_epoch_offset,5.0,2026-08-01T00:13:46+00:00,0e8e107,1
comparison-seed42-20260801-001346,comparison,efficientnet_b0,42.0,test,n_parameters,4336512.0,2026-08-01T00:13:46+00:00,0e8e107,1
comparison-seed42-20260801-001346,comparison,efficientnet_b0,42.0,test,test_accuracy,0.913144449605202,2026-08-01T00:13:46+00:00,0e8e107,1
comparison-seed42-20260801-001346,comparison,efficientnet_b0,42.0,test,test_f1_macro,0.8762841798103815,2026-08-01T00:13:46+00:00,0e8e107,1
comparison-seed42-20260801-001346,comparison,efficientnet_b0,42.0,test,test_loss,0.3134107006539855,2026-08-01T00:13:46+00:00,0e8e107,1
comparison-seed43-20260801-002326,comparison,efficientnet_b0,43.0,test,best_val_loss,0.3681726764752936,2026-08-01T00:23:26+00:00,0e8e107,1
comparison-seed43-20260801-002326,comparison,efficientnet_b0,43.0,test,finetune.best_val_loss,0.3681726764752936,2026-08-01T00:23:26+00:00,0e8e107,1
comparison-seed43-20260801-002326,comparison,efficientnet_b0,43.0,test,finetune.epochs_completed,10.0,2026-08-01T00:23:26+00:00,0e8e107,1
comparison-seed43-20260801-002326,comparison,efficientnet_b0,43.0,test,finetune.global_epoch_offset,15.0,2026-08-01T00:23:26+00:00,0e8e107,1
comparison-seed43-20260801-002326,comparison,efficientnet_b0,43.0,test,head.best_val_loss,0.4399914040647041,2026-08-01T00:23:26+00:00,0e8e107,1
comparison-seed43-20260801-002326,comparison,efficientnet_b0,43.0,test,head.epochs_completed,5.0,2026-08-01T00:23:26+00:00,0e8e107,1
comparison-seed43-20260801-002326,comparison,efficientnet_b0,43.0,test,head.global_epoch_offset,5.0,2026-08-01T00:23:26+00:00,0e8e107,1
comparison-seed43-20260801-002326,comparison,efficientnet_b0,43.0,test,n_parameters,4336512.0,2026-08-01T00:23:26+00:00,0e8e107,1
comparison-seed43-20260801-002326,comparison,efficientnet_b0,43.0,test,test_accuracy,0.9059451927542964,2026-08-01T00:23:26+00:00,0e8e107,1
comparison-seed43-20260801-002326,comparison,efficientnet_b0,43.0,test,test_f1_macro,0.8711033832614673,2026-08-01T00:23:26+00:00,0e8e107,1
comparison-seed43-20260801-002326,comparison,efficientnet_b0,43.0,test,test_loss,0.311866667737628,2026-08-01T00:23:26+00:00,0e8e107,1
comparison-seed44-20260801-003303,comparison,efficientnet_b0,44.0,test,best_val_loss,0.3667481424684854,2026-08-01T00:33:03+00:00,0e8e107,1
comparison-seed44-20260801-003303,comparison,efficientnet_b0,44.0,test,finetune.best_val_loss,0.3667481424684854,2026-08-01T00:33:03+00:00,0e8e107,1
comparison-seed44-20260801-003303,comparison,efficientnet_b0,44.0,test,finetune.epochs_completed,10.0,2026-08-01T00:33:03+00:00,0e8e107,1
comparison-seed44-20260801-003303,comparison,efficientnet_b0,44.0,test,finetune.global_epoch_offset,15.0,2026-08-01T00:33:03+00:00,0e8e107,1
comparison-seed44-20260801-003303,comparison,efficientnet_b0,44.0,test,head.best_val_loss,0.4758453631870359,2026-08-01T00:33:03+00:00,0e8e107,1
comparison-seed44-20260801-003303,comparison,efficientnet_b0,44.0,test,head.epochs_completed,5.0,2026-08-01T00:33:03+00:00,0e8e107,1
comparison-seed44-20260801-003303,comparison,efficientnet_b0,44.0,test,head.global_epoch_offset,5.0,2026-08-01T00:33:03+00:00,0e8e107,1
comparison-seed44-20260801-003303,comparison,efficientnet_b0,44.0,test,n_parameters,4336512.0,2026-08-01T00:33:03+00:00,0e8e107,1
comparison-seed44-20260801-003303,comparison,efficientnet_b0,44.0,test,test_accuracy,0.915466790524849,2026-08-01T00:33:03+00:00,0e8e107,1
comparison-seed44-20260801-003303,comparison,efficientnet_b0,44.0,test,test_f1_macro,0.8743696595883059,2026-08-01T00:33:03+00:00,0e8e107,1
comparison-seed44-20260801-003303,comparison,efficientnet_b0,44.0,test,test_loss,0.3033393946200733,2026-08-01T00:33:03+00:00,0e8e107,1
comparison-seed42-20260801-004223,comparison,mobilenet_v3_small,42.0,test,best_val_loss,0.3555761750627618,2026-08-01T00:42:22+00:00,0e8e107,1
comparison-seed42-20260801-004223,comparison,mobilenet_v3_small,42.0,test,finetune.best_val_loss,0.3555761750627618,2026-08-01T00:42:22+00:00,0e8e107,1
comparison-seed42-20260801-004223,comparison,mobilenet_v3_small,42.0,test,finetune.epochs_completed,10.0,2026-08-01T00:42:22+00:00,0e8e107,1
comparison-seed42-20260801-004223,comparison,mobilenet_v3_small,42.0,test,finetune.global_epoch_offset,15.0,2026-08-01T00:42:22+00:00,0e8e107,1
comparison-seed42-20260801-004223,comparison,mobilenet_v3_small,42.0,test,head.best_val_loss,0.519101014826597,2026-08-01T00:42:22+00:00,0e8e107,1
comparison-seed42-20260801-004223,comparison,mobilenet_v3_small,42.0,test,head.epochs_completed,5.0,2026-08-01T00:42:22+00:00,0e8e107,1
comparison-seed42-20260801-004223,comparison,mobilenet_v3_small,42.0,test,head.global_epoch_offset,5.0,2026-08-01T00:42:22+00:00,0e8e107,1
comparison-seed42-20260801-004223,comparison,mobilenet_v3_small,42.0,test,n_parameters,1075748.0,2026-08-01T00:42:22+00:00,0e8e107,1
comparison-seed42-20260801-004223,comparison,mobilenet_v3_small,42.0,test,test_accuracy,0.906177426846261,2026-08-01T00:42:22+00:00,0e8e107,1
comparison-seed42-20260801-004223,comparison,mobilenet_v3_small,42.0,test,test_f1_macro,0.869361345508557,2026-08-01T00:42:22+00:00,0e8e107,1
comparison-seed42-20260801-004223,comparison,mobilenet_v3_small,42.0,test,test_loss,0.3108016731502134,2026-08-01T00:42:22+00:00,0e8e107,1
comparison-seed43-20260801-005143,comparison,mobilenet_v3_small,43.0,test,best_val_loss,0.3477208082903466,2026-08-01T00:51:43+00:00,0e8e107,1
comparison-seed43-20260801-005143,comparison,mobilenet_v3_small,43.0,test,finetune.best_val_loss,0.3477208082903466,2026-08-01T00:51:43+00:00,0e8e107,1
comparison-seed43-20260801-005143,comparison,mobilenet_v3_small,43.0,test,finetune.epochs_completed,10.0,2026-08-01T00:51:43+00:00,0e8e107,1
comparison-seed43-20260801-005143,comparison,mobilenet_v3_small,43.0,test,finetune.global_epoch_offset,15.0,2026-08-01T00:51:43+00:00,0e8e107,1
comparison-seed43-20260801-005143,comparison,mobilenet_v3_small,43.0,test,head.best_val_loss,0.4906876393770856,2026-08-01T00:51:43+00:00,0e8e107,1
comparison-seed43-20260801-005143,comparison,mobilenet_v3_small,43.0,test,head.epochs_completed,5.0,2026-08-01T00:51:43+00:00,0e8e107,1
comparison-seed43-20260801-005143,comparison,mobilenet_v3_small,43.0,test,head.global_epoch_offset,5.0,2026-08-01T00:51:43+00:00,0e8e107,1
comparison-seed43-20260801-005143,comparison,mobilenet_v3_small,43.0,test,n_parameters,1075748.0,2026-08-01T00:51:43+00:00,0e8e107,1
comparison-seed43-20260801-005143,comparison,mobilenet_v3_small,43.0,test,test_accuracy,0.9082675336739432,2026-08-01T00:51:43+00:00,0e8e107,1
comparison-seed43-20260801-005143,comparison,mobilenet_v3_small,43.0,test,test_f1_macro,0.8684852378845916,2026-08-01T00:51:43+00:00,0e8e107,1
comparison-seed43-20260801-005143,comparison,mobilenet_v3_small,43.0,test,test_loss,0.3114373694138088,2026-08-01T00:51:43+00:00,0e8e107,1
comparison-seed44-20260801-010103,comparison,mobilenet_v3_small,44.0,test,best_val_loss,0.3543113878020243,2026-08-01T01:01:03+00:00,0e8e107,1
comparison-seed44-20260801-010103,comparison,mobilenet_v3_small,44.0,test,finetune.best_val_loss,0.3543113878020243,2026-08-01T01:01:03+00:00,0e8e107,1
comparison-seed44-20260801-010103,comparison,mobilenet_v3_small,44.0,test,finetune.epochs_completed,10.0,2026-08-01T01:01:03+00:00,0e8e107,1
comparison-seed44-20260801-010103,comparison,mobilenet_v3_small,44.0,test,finetune.global_epoch_offset,15.0,2026-08-01T01:01:03+00:00,0e8e107,1
comparison-seed44-20260801-010103,comparison,mobilenet_v3_small,44.0,test,head.best_val_loss,0.4936111468621014,2026-08-01T01:01:03+00:00,0e8e107,1
comparison-seed44-20260801-010103,comparison,mobilenet_v3_small,44.0,test,head.epochs_completed,5.0,2026-08-01T01:01:03+00:00,0e8e107,1
comparison-seed44-20260801-010103,comparison,mobilenet_v3_small,44.0,test,head.global_epoch_offset,5.0,2026-08-01T01:01:03+00:00,0e8e107,1
comparison-seed44-20260801-010103,comparison,mobilenet_v3_small,44.0,test,n_parameters,1075748.0,2026-08-01T01:01:03+00:00,0e8e107,1
comparison-seed44-20260801-010103,comparison,mobilenet_v3_small,44.0,test,test_accuracy,0.9022294472828613,2026-08-01T01:01:03+00:00,0e8e107,1
comparison-seed44-20260801-010103,comparison,mobilenet_v3_small,44.0,test,test_f1_macro,0.8670490750023623,2026-08-01T01:01:03+00:00,0e8e107,1
comparison-seed44-20260801-010103,comparison,mobilenet_v3_small,44.0,test,test_loss,0.3180099329536999,2026-08-01T01:01:03+00:00,0e8e107,1
comparison-seed42-20260801-011036,comparison,resnet18,42.0,test,best_val_loss,0.3356115960015062,2026-08-01T01:10:36+00:00,0e8e107,1
comparison-seed42-20260801-011036,comparison,resnet18,42.0,test,finetune.best_val_loss,0.3356115960015062,2026-08-01T01:10:36+00:00,0e8e107,1
comparison-seed42-20260801-011036,comparison,resnet18,42.0,test,finetune.epochs_completed,10.0,2026-08-01T01:10:36+00:00,0e8e107,1
comparison-seed42-20260801-011036,comparison,resnet18,42.0,test,finetune.global_epoch_offset,15.0,2026-08-01T01:10:36+00:00,0e8e107,1
comparison-seed42-20260801-011036,comparison,resnet18,42.0,test,head.best_val_loss,0.5427934160806472,2026-08-01T01:10:36+00:00,0e8e107,1
comparison-seed42-20260801-011036,comparison,resnet18,42.0,test,head.epochs_completed,5.0,2026-08-01T01:10:36+00:00,0e8e107,1
comparison-seed42-20260801-011036,comparison,resnet18,42.0,test,head.global_epoch_offset,5.0,2026-08-01T01:10:36+00:00,0e8e107,1
comparison-seed42-20260801-011036,comparison,resnet18,42.0,test,n_parameters,11308868.0,2026-08-01T01:10:36+00:00,0e8e107,1
comparison-seed42-20260801-011036,comparison,resnet18,42.0,test,test_accuracy,0.9064096609382256,2026-08-01T01:10:36+00:00,0e8e107,1
comparison-seed42-20260801-011036,comparison,resnet18,42.0,test,test_f1_macro,0.8625594948650407,2026-08-01T01:10:36+00:00,0e8e107,1
comparison-seed42-20260801-011036,comparison,resnet18,42.0,test,test_loss,0.2991148774653562,2026-08-01T01:10:36+00:00,0e8e107,1
comparison-seed43-20260801-012007,comparison,resnet18,43.0,test,best_val_loss,0.3230455962399507,2026-08-01T01:20:07+00:00,0e8e107,1
comparison-seed43-20260801-012007,comparison,resnet18,43.0,test,finetune.best_val_loss,0.3230455962399507,2026-08-01T01:20:07+00:00,0e8e107,1
comparison-seed43-20260801-012007,comparison,resnet18,43.0,test,finetune.epochs_completed,10.0,2026-08-01T01:20:07+00:00,0e8e107,1
comparison-seed43-20260801-012007,comparison,resnet18,43.0,test,finetune.global_epoch_offset,15.0,2026-08-01T01:20:07+00:00,0e8e107,1
comparison-seed43-20260801-012007,comparison,resnet18,43.0,test,head.best_val_loss,0.4962590333914595,2026-08-01T01:20:07+00:00,0e8e107,1
comparison-seed43-20260801-012007,comparison,resnet18,43.0,test,head.epochs_completed,5.0,2026-08-01T01:20:07+00:00,0e8e107,1
comparison-seed43-20260801-012007,comparison,resnet18,43.0,test,head.global_epoch_offset,5.0,2026-08-01T01:20:07+00:00,0e8e107,1
comparison-seed43-20260801-012007,comparison,resnet18,43.0,test,n_parameters,11308868.0,2026-08-01T01:20:07+00:00,0e8e107,1
comparison-seed43-20260801-012007,comparison,resnet18,43.0,test,test_accuracy,0.8978169995355318,2026-08-01T01:20:07+00:00,0e8e107,1
comparison-seed43-20260801-012007,comparison,resnet18,43.0,test,test_f1_macro,0.852027987860859,2026-08-01T01:20:07+00:00,0e8e107,1
comparison-seed43-20260801-012007,comparison,resnet18,43.0,test,test_loss,0.3194715121122491,2026-08-01T01:20:07+00:00,0e8e107,1
comparison-seed44-20260801-012941,comparison,resnet18,44.0,test,best_val_loss,0.3272001698911286,2026-08-01T01:29:41+00:00,0e8e107,1
comparison-seed44-20260801-012941,comparison,resnet18,44.0,test,finetune.best_val_loss,0.3272001698911286,2026-08-01T01:29:41+00:00,0e8e107,1
comparison-seed44-20260801-012941,comparison,resnet18,44.0,test,finetune.epochs_completed,10.0,2026-08-01T01:29:41+00:00,0e8e107,1
comparison-seed44-20260801-012941,comparison,resnet18,44.0,test,finetune.global_epoch_offset,15.0,2026-08-01T01:29:41+00:00,0e8e107,1
comparison-seed44-20260801-012941,comparison,resnet18,44.0,test,head.best_val_loss,0.5124198473934667,2026-08-01T01:29:41+00:00,0e8e107,1
comparison-seed44-20260801-012941,comparison,resnet18,44.0,test,head.epochs_completed,5.0,2026-08-01T01:29:41+00:00,0e8e107,1
comparison-seed44-20260801-012941,comparison,resnet18,44.0,test,head.global_epoch_offset,5.0,2026-08-01T01:29:41+00:00,0e8e107,1
comparison-seed44-20260801-012941,comparison,resnet18,44.0,test,n_parameters,11308868.0,2026-08-01T01:29:41+00:00,0e8e107,1
comparison-seed44-20260801-012941,comparison,resnet18,44.0,test,test_accuracy,0.9022294472828613,2026-08-01T01:29:41+00:00,0e8e107,1
comparison-seed44-20260801-012941,comparison,resnet18,44.0,test,test_f1_macro,0.8543823040125503,2026-08-01T01:29:41+00:00,0e8e107,1
comparison-seed44-20260801-012941,comparison,resnet18,44.0,test,test_loss,0.3192755355894621,2026-08-01T01:29:41+00:00,0e8e107,1
iteration1-seed42-20260801-013750,iteration1,,42.0,test,best_val_loss,0.1906738126035581,2026-08-01T01:37:50+00:00,0e8e107,1
iteration1-seed42-20260801-013750,iteration1,,42.0,test,epochs_completed,10.0,2026-08-01T01:37:50+00:00,0e8e107,1
iteration1-seed42-20260801-013750,iteration1,,42.0,test,global_epoch_offset,10.0,2026-08-01T01:37:50+00:00,0e8e107,1
iteration1-seed42-20260801-013750,iteration1,,42.0,test,test_accuracy,0.9249883882954018,2026-08-01T01:37:50+00:00,0e8e107,1
iteration1-seed42-20260801-013750,iteration1,,42.0,test,test_loss,0.2073290931641419,2026-08-01T01:37:50+00:00,0e8e107,1
iteration1-seed43-20260801-014551,iteration1,,43.0,test,best_val_loss,0.1781075722596536,2026-08-01T01:45:51+00:00,0e8e107,1
iteration1-seed43-20260801-014551,iteration1,,43.0,test,epochs_completed,10.0,2026-08-01T01:45:51+00:00,0e8e107,1
iteration1-seed43-20260801-014551,iteration1,,43.0,test,global_epoch_offset,10.0,2026-08-01T01:45:51+00:00,0e8e107,1
iteration1-seed43-20260801-014551,iteration1,,43.0,test,test_accuracy,0.9298653042266604,2026-08-01T01:45:51+00:00,0e8e107,1
iteration1-seed43-20260801-014551,iteration1,,43.0,test,test_loss,0.1868910537976416,2026-08-01T01:45:51+00:00,0e8e107,1
iteration1-seed44-20260801-015352,iteration1,,44.0,test,best_val_loss,0.2023975153860256,2026-08-01T01:53:52+00:00,0e8e107,1
iteration1-seed44-20260801-015352,iteration1,,44.0,test,epochs_completed,10.0,2026-08-01T01:53:52+00:00,0e8e107,1
iteration1-seed44-20260801-015352,iteration1,,44.0,test,global_epoch_offset,10.0,2026-08-01T01:53:52+00:00,0e8e107,1
iteration1-seed44-20260801-015352,iteration1,,44.0,test,test_accuracy,0.9296330701346958,2026-08-01T01:53:52+00:00,0e8e107,1
iteration1-seed44-20260801-015352,iteration1,,44.0,test,test_loss,0.2033560263711909,2026-08-01T01:53:52+00:00,0e8e107,1
iteration1-seed45-20260801-020152,iteration1,,45.0,test,best_val_loss,0.1926782822255051,2026-08-01T02:01:51+00:00,0e8e107,1
iteration1-seed45-20260801-020152,iteration1,,45.0,test,epochs_completed,10.0,2026-08-01T02:01:51+00:00,0e8e107,1
iteration1-seed45-20260801-020152,iteration1,,45.0,test,global_epoch_offset,10.0,2026-08-01T02:01:51+00:00,0e8e107,1
iteration1-seed45-20260801-020152,iteration1,,45.0,test,test_accuracy,0.9268462610311192,2026-08-01T02:01:51+00:00,0e8e107,1
iteration1-seed45-20260801-020152,iteration1,,45.0,test,test_loss,0.1928371062015191,2026-08-01T02:01:51+00:00,0e8e107,1
iteration1-seed46-20260801-020951,iteration1,,46.0,test,best_val_loss,0.1930874679868703,2026-08-01T02:09:51+00:00,0e8e107,1
iteration1-seed46-20260801-020951,iteration1,,46.0,test,epochs_completed,10.0,2026-08-01T02:09:51+00:00,0e8e107,1
iteration1-seed46-20260801-020951,iteration1,,46.0,test,global_epoch_offset,10.0,2026-08-01T02:09:51+00:00,0e8e107,1
iteration1-seed46-20260801-020951,iteration1,,46.0,test,test_accuracy,0.9284718996748724,2026-08-01T02:09:51+00:00,0e8e107,1
iteration1-seed46-20260801-020951,iteration1,,46.0,test,test_loss,0.1952014613777219,2026-08-01T02:09:51+00:00,0e8e107,1
iteration2-seed42-20260801-021925,iteration2,,42.0,test,best_val_loss,0.3656425053465939,2026-08-01T02:19:25+00:00,0e8e107,1
iteration2-seed42-20260801-021925,iteration2,,42.0,test,finetune.best_val_loss,0.3656425053465939,2026-08-01T02:19:25+00:00,0e8e107,1
iteration2-seed42-20260801-021925,iteration2,,42.0,test,finetune.epochs_completed,10.0,2026-08-01T02:19:25+00:00,0e8e107,1
iteration2-seed42-20260801-021925,iteration2,,42.0,test,finetune.global_epoch_offset,15.0,2026-08-01T02:19:25+00:00,0e8e107,1
iteration2-seed42-20260801-021925,iteration2,,42.0,test,head.best_val_loss,0.519101014826597,2026-08-01T02:19:25+00:00,0e8e107,1
iteration2-seed42-20260801-021925,iteration2,,42.0,test,head.epochs_completed,5.0,2026-08-01T02:19:25+00:00,0e8e107,1
iteration2-seed42-20260801-021925,iteration2,,42.0,test,head.global_epoch_offset,5.0,2026-08-01T02:19:25+00:00,0e8e107,1
iteration2-seed42-20260801-021925,iteration2,,42.0,test,test_accuracy,0.8943334881560613,2026-08-01T02:19:25+00:00,0e8e107,1
iteration2-seed42-20260801-021925,iteration2,,42.0,test,test_f1_macro,0.8547436641214226,2026-08-01T02:19:25+00:00,0e8e107,1
iteration2-seed42-20260801-021925,iteration2,,42.0,test,test_loss,0.318861523195859,2026-08-01T02:19:25+00:00,0e8e107,1
iteration2-seed43-20260801-022855,iteration2,,43.0,test,best_val_loss,0.3701787465097212,2026-08-01T02:28:55+00:00,0e8e107,1
iteration2-seed43-20260801-022855,iteration2,,43.0,test,finetune.best_val_loss,0.3701787465097212,2026-08-01T02:28:55+00:00,0e8e107,1
iteration2-seed43-20260801-022855,iteration2,,43.0,test,finetune.epochs_completed,10.0,2026-08-01T02:28:55+00:00,0e8e107,1
iteration2-seed43-20260801-022855,iteration2,,43.0,test,finetune.global_epoch_offset,15.0,2026-08-01T02:28:55+00:00,0e8e107,1
iteration2-seed43-20260801-022855,iteration2,,43.0,test,head.best_val_loss,0.4906876393770856,2026-08-01T02:28:55+00:00,0e8e107,1
iteration2-seed43-20260801-022855,iteration2,,43.0,test,head.epochs_completed,5.0,2026-08-01T02:28:55+00:00,0e8e107,1
iteration2-seed43-20260801-022855,iteration2,,43.0,test,head.global_epoch_offset,5.0,2026-08-01T02:28:55+00:00,0e8e107,1
iteration2-seed43-20260801-022855,iteration2,,43.0,test,test_accuracy,0.8838829540176498,2026-08-01T02:28:55+00:00,0e8e107,1
iteration2-seed43-20260801-022855,iteration2,,43.0,test,test_f1_macro,0.8477149480424345,2026-08-01T02:28:55+00:00,0e8e107,1
iteration2-seed43-20260801-022855,iteration2,,43.0,test,test_loss,0.3518338087120833,2026-08-01T02:28:55+00:00,0e8e107,1
iteration2-seed44-20260801-023831,iteration2,,44.0,test,best_val_loss,0.3633763471359243,2026-08-01T02:38:31+00:00,0e8e107,1
iteration2-seed44-20260801-023831,iteration2,,44.0,test,finetune.best_val_loss,0.3633763471359243,2026-08-01T02:38:31+00:00,0e8e107,1
iteration2-seed44-20260801-023831,iteration2,,44.0,test,finetune.epochs_completed,10.0,2026-08-01T02:38:31+00:00,0e8e107,1
iteration2-seed44-20260801-023831,iteration2,,44.0,test,finetune.global_epoch_offset,15.0,2026-08-01T02:38:31+00:00,0e8e107,1
iteration2-seed44-20260801-023831,iteration2,,44.0,test,head.best_val_loss,0.4936111468621014,2026-08-01T02:38:31+00:00,0e8e107,1
iteration2-seed44-20260801-023831,iteration2,,44.0,test,head.epochs_completed,5.0,2026-08-01T02:38:31+00:00,0e8e107,1
iteration2-seed44-20260801-023831,iteration2,,44.0,test,head.global_epoch_offset,5.0,2026-08-01T02:38:31+00:00,0e8e107,1
iteration2-seed44-20260801-023831,iteration2,,44.0,test,test_accuracy,0.9010682768230376,2026-08-01T02:38:31+00:00,0e8e107,1
iteration2-seed44-20260801-023831,iteration2,,44.0,test,test_f1_macro,0.8522167353400287,2026-08-01T02:38:31+00:00,0e8e107,1
iteration2-seed44-20260801-023831,iteration2,,44.0,test,test_loss,0.335324410610619,2026-08-01T02:38:31+00:00,0e8e107,1
iteration2-seed45-20260801-024809,iteration2,,45.0,test,best_val_loss,0.3670965523614388,2026-08-01T02:48:09+00:00,0e8e107,1
iteration2-seed45-20260801-024809,iteration2,,45.0,test,finetune.best_val_loss,0.3670965523614388,2026-08-01T02:48:09+00:00,0e8e107,1
iteration2-seed45-20260801-024809,iteration2,,45.0,test,finetune.epochs_completed,10.0,2026-08-01T02:48:09+00:00,0e8e107,1
iteration2-seed45-20260801-024809,iteration2,,45.0,test,finetune.global_epoch_offset,15.0,2026-08-01T02:48:09+00:00,0e8e107,1
iteration2-seed45-20260801-024809,iteration2,,45.0,test,head.best_val_loss,0.4754832600558639,2026-08-01T02:48:09+00:00,0e8e107,1
iteration2-seed45-20260801-024809,iteration2,,45.0,test,head.epochs_completed,5.0,2026-08-01T02:48:09+00:00,0e8e107,1
iteration2-seed45-20260801-024809,iteration2,,45.0,test,head.global_epoch_offset,5.0,2026-08-01T02:48:09+00:00,0e8e107,1
iteration2-seed45-20260801-024809,iteration2,,45.0,test,test_accuracy,0.8785415699024617,2026-08-01T02:48:09+00:00,0e8e107,1
iteration2-seed45-20260801-024809,iteration2,,45.0,test,test_f1_macro,0.8201199226134814,2026-08-01T02:48:09+00:00,0e8e107,1
iteration2-seed45-20260801-024809,iteration2,,45.0,test,test_loss,0.3605492457581352,2026-08-01T02:48:09+00:00,0e8e107,1
iteration2-seed46-20260801-025743,iteration2,,46.0,test,best_val_loss,0.3663621628672009,2026-08-01T02:57:43+00:00,0e8e107,1
iteration2-seed46-20260801-025743,iteration2,,46.0,test,finetune.best_val_loss,0.3663621628672009,2026-08-01T02:57:43+00:00,0e8e107,1
iteration2-seed46-20260801-025743,iteration2,,46.0,test,finetune.epochs_completed,10.0,2026-08-01T02:57:43+00:00,0e8e107,1
iteration2-seed46-20260801-025743,iteration2,,46.0,test,finetune.global_epoch_offset,15.0,2026-08-01T02:57:43+00:00,0e8e107,1
iteration2-seed46-20260801-025743,iteration2,,46.0,test,head.best_val_loss,0.5075480502895787,2026-08-01T02:57:43+00:00,0e8e107,1
iteration2-seed46-20260801-025743,iteration2,,46.0,test,head.epochs_completed,5.0,2026-08-01T02:57:43+00:00,0e8e107,1
iteration2-seed46-20260801-025743,iteration2,,46.0,test,head.global_epoch_offset,5.0,2026-08-01T02:57:43+00:00,0e8e107,1
iteration2-seed46-20260801-025743,iteration2,,46.0,test,test_accuracy,0.8850441244774733,2026-08-01T02:57:43+00:00,0e8e107,1
iteration2-seed46-20260801-025743,iteration2,,46.0,test,test_f1_macro,0.8477462857271634,2026-08-01T02:57:43+00:00,0e8e107,1
iteration2-seed46-20260801-025743,iteration2,,46.0,test,test_loss,0.3395036098448221,2026-08-01T02:57:43+00:00,0e8e107,1
iteration5-seed42-20260801-134707,iteration5,,42.0,test,best_val_loss,0.143635493516922,2026-08-01T13:47:07+00:00,0e8e107,1
iteration5-seed42-20260801-134707,iteration5,,42.0,test,epochs_completed,40.0,2026-08-01T13:47:07+00:00,0e8e107,1
iteration5-seed42-20260801-134707,iteration5,,42.0,test,global_epoch_offset,40.0,2026-08-01T13:47:07+00:00,0e8e107,1
iteration5-seed42-20260801-134707,iteration5,,42.0,test,test_accuracy,0.959490203857422,2026-08-01T13:47:07+00:00,0e8e107,1
iteration5-seed42-20260801-134707,iteration5,,42.0,test,test_loss,0.1889021396636963,2026-08-01T13:47:07+00:00,0e8e107,1
iteration5-seed42-20260801-134707,iteration5,,42.0,test,test_metrics.Dice/background,0.9775854349136353,2026-08-01T13:47:07+00:00,0e8e107,1
iteration5-seed42-20260801-134707,iteration5,,42.0,test,test_metrics.Dice/fire,0.9054643511772156,2026-08-01T13:47:07+00:00,0e8e107,1
iteration5-seed42-20260801-134707,iteration5,,42.0,test,test_metrics.Dice/smoke,0.8416701555252075,2026-08-01T13:47:07+00:00,0e8e107,1
iteration5-seed42-20260801-134707,iteration5,,42.0,test,test_metrics.IoU/background,0.956153690814972,2026-08-01T13:47:07+00:00,0e8e107,1
iteration5-seed42-20260801-134707,iteration5,,42.0,test,test_metrics.IoU/fire,0.8272588849067688,2026-08-01T13:47:07+00:00,0e8e107,1
iteration5-seed42-20260801-134707,iteration5,,42.0,test,test_metrics.IoU/smoke,0.7266238331794739,2026-08-01T13:47:07+00:00,0e8e107,1
iteration5-seed42-20260801-134707,iteration5,,42.0,test,test_metrics.mDice,0.908240020275116,2026-08-01T13:47:07+00:00,0e8e107,1
iteration5-seed42-20260801-134707,iteration5,,42.0,test,test_metrics.mDice_hazard_only,0.8735672235488892,2026-08-01T13:47:07+00:00,0e8e107,1
iteration5-seed42-20260801-134707,iteration5,,42.0,test,test_metrics.mIoU,0.8366788625717163,2026-08-01T13:47:07+00:00,0e8e107,1
iteration5-seed42-20260801-134707,iteration5,,42.0,test,test_metrics.mIoU_hazard_only,0.7769413590431213,2026-08-01T13:47:07+00:00,0e8e107,1
iteration5-seed42-20260801-134707,iteration5,,42.0,test,test_metrics.pixel_accuracy,0.959490203857422,2026-08-01T13:47:07+00:00,0e8e107,1
iteration5-seed43-20260801-151118,iteration5,,43.0,test,best_val_loss,0.1573439449071884,2026-08-01T15:11:18+00:00,0e8e107,1
iteration5-seed43-20260801-151118,iteration5,,43.0,test,epochs_completed,40.0,2026-08-01T15:11:18+00:00,0e8e107,1
iteration5-seed43-20260801-151118,iteration5,,43.0,test,global_epoch_offset,40.0,2026-08-01T15:11:18+00:00,0e8e107,1
iteration5-seed43-20260801-151118,iteration5,,43.0,test,test_accuracy,0.9641128540039062,2026-08-01T15:11:18+00:00,0e8e107,1
iteration5-seed43-20260801-151118,iteration5,,43.0,test,test_loss,0.1808727502822876,2026-08-01T15:11:18+00:00,0e8e107,1
iteration5-seed43-20260801-151118,iteration5,,43.0,test,test_metrics.Dice/background,0.9809568524360656,2026-08-01T15:11:18+00:00,0e8e107,1
iteration5-seed43-20260801-151118,iteration5,,43.0,test,test_metrics.Dice/fire,0.9042548537254332,2026-08-01T15:11:18+00:00,0e8e107,1
iteration5-seed43-20260801-151118,iteration5,,43.0,test,test_metrics.Dice/smoke,0.8639548420906067,2026-08-01T15:11:18+00:00,0e8e107,1
iteration5-seed43-20260801-151118,iteration5,,43.0,test,test_metrics.IoU/background,0.9626253843307496,2026-08-01T15:11:18+00:00,0e8e107,1
iteration5-seed43-20260801-151118,iteration5,,43.0,test,test_metrics.IoU/fire,0.8252419829368591,2026-08-01T15:11:18+00:00,0e8e107,1
iteration5-seed43-20260801-151118,iteration5,,43.0,test,test_metrics.IoU/smoke,0.7604933977127075,2026-08-01T15:11:18+00:00,0e8e107,1
iteration5-seed43-20260801-151118,iteration5,,43.0,test,test_metrics.mDice,0.9163888692855836,2026-08-01T15:11:18+00:00,0e8e107,1
iteration5-seed43-20260801-151118,iteration5,,43.0,test,test_metrics.mDice_hazard_only,0.88410484790802,2026-08-01T15:11:18+00:00,0e8e107,1
iteration5-seed43-20260801-151118,iteration5,,43.0,test,test_metrics.mIoU,0.8494536280632019,2026-08-01T15:11:18+00:00,0e8e107,1
iteration5-seed43-20260801-151118,iteration5,,43.0,test,test_metrics.mIoU_hazard_only,0.7928676605224609,2026-08-01T15:11:18+00:00,0e8e107,1
iteration5-seed43-20260801-151118,iteration5,,43.0,test,test_metrics.pixel_accuracy,0.9641128540039062,2026-08-01T15:11:18+00:00,0e8e107,1
iteration5-seed44-20260801-163530,iteration5,,44.0,test,best_val_loss,0.1567459166049957,2026-08-01T16:35:30+00:00,0e8e107,1
iteration5-seed44-20260801-163530,iteration5,,44.0,test,epochs_completed,40.0,2026-08-01T16:35:30+00:00,0e8e107,1
iteration5-seed44-20260801-163530,iteration5,,44.0,test,global_epoch_offset,40.0,2026-08-01T16:35:30+00:00,0e8e107,1
iteration5-seed44-20260801-163530,iteration5,,44.0,test,test_accuracy,0.96802978515625,2026-08-01T16:35:30+00:00,0e8e107,1
iteration5-seed44-20260801-163530,iteration5,,44.0,test,test_loss,0.1722786426544189,2026-08-01T16:35:30+00:00,0e8e107,1
iteration5-seed44-20260801-163530,iteration5,,44.0,test,test_metrics.Dice/background,0.982874035835266,2026-08-01T16:35:30+00:00,0e8e107,1
iteration5-seed44-20260801-163530,iteration5,,44.0,test,test_metrics.Dice/fire,0.9052711129188538,2026-08-01T16:35:30+00:00,0e8e107,1
iteration5-seed44-20260801-163530,iteration5,,44.0,test,test_metrics.Dice/smoke,0.8909994959831238,2026-08-01T16:35:30+00:00,0e8e107,1
iteration5-seed44-20260801-163530,iteration5,,44.0,test,test_metrics.IoU/background,0.9663248658180236,2026-08-01T16:35:30+00:00,0e8e107,1
iteration5-seed44-20260801-163530,iteration5,,44.0,test,test_metrics.IoU/fire,0.8269363641738892,2026-08-01T16:35:30+00:00,0e8e107,1
iteration5-seed44-20260801-163530,iteration5,,44.0,test,test_metrics.IoU/smoke,0.803425669670105,2026-08-01T16:35:30+00:00,0e8e107,1
iteration5-seed44-20260801-163530,iteration5,,44.0,test,test_metrics.mDice,0.9263815879821776,2026-08-01T16:35:30+00:00,0e8e107,1
iteration5-seed44-20260801-163530,iteration5,,44.0,test,test_metrics.mDice_hazard_only,0.8981353044509888,2026-08-01T16:35:30+00:00,0e8e107,1
iteration5-seed44-20260801-163530,iteration5,,44.0,test,test_metrics.mIoU,0.8655623197555542,2026-08-01T16:35:30+00:00,0e8e107,1
iteration5-seed44-20260801-163530,iteration5,,44.0,test,test_metrics.mIoU_hazard_only,0.8151810169219971,2026-08-01T16:35:30+00:00,0e8e107,1
iteration5-seed44-20260801-163530,iteration5,,44.0,test,test_metrics.pixel_accuracy,0.96802978515625,2026-08-01T16:35:30+00:00,0e8e107,1
iteration5-seed45-20260801-175952,iteration5,,45.0,test,best_val_loss,0.1481723070144653,2026-08-01T17:59:52+00:00,0e8e107,1
iteration5-seed45-20260801-175952,iteration5,,45.0,test,epochs_completed,40.0,2026-08-01T17:59:52+00:00,0e8e107,1
iteration5-seed45-20260801-175952,iteration5,,45.0,test,global_epoch_offset,40.0,2026-08-01T17:59:52+00:00,0e8e107,1
iteration5-seed45-20260801-175952,iteration5,,45.0,test,test_accuracy,0.9656730651855469,2026-08-01T17:59:52+00:00,0e8e107,1
iteration5-seed45-20260801-175952,iteration5,,45.0,test,test_loss,0.1642322957515716,2026-08-01T17:59:52+00:00,0e8e107,1
iteration5-seed45-20260801-175952,iteration5,,45.0,test,test_metrics.Dice/background,0.9810245037078856,2026-08-01T17:59:52+00:00,0e8e107,1
iteration5-seed45-20260801-175952,iteration5,,45.0,test,test_metrics.Dice/fire,0.9109213352203368,2026-08-01T17:59:52+00:00,0e8e107,1
iteration5-seed45-20260801-175952,iteration5,,45.0,test,test_metrics.Dice/smoke,0.8730143308639526,2026-08-01T17:59:52+00:00,0e8e107,1
iteration5-seed45-20260801-175952,iteration5,,45.0,test,test_metrics.IoU/background,0.9627557396888732,2026-08-01T17:59:52+00:00,0e8e107,1
iteration5-seed45-20260801-175952,iteration5,,45.0,test,test_metrics.IoU/fire,0.836414635181427,2026-08-01T17:59:52+00:00,0e8e107,1
iteration5-seed45-20260801-175952,iteration5,,45.0,test,test_metrics.IoU/smoke,0.7746454477310181,2026-08-01T17:59:52+00:00,0e8e107,1
iteration5-seed45-20260801-175952,iteration5,,45.0,test,test_metrics.mDice,0.92165344953537,2026-08-01T17:59:52+00:00,0e8e107,1
iteration5-seed45-20260801-175952,iteration5,,45.0,test,test_metrics.mDice_hazard_only,0.8919678330421448,2026-08-01T17:59:52+00:00,0e8e107,1
iteration5-seed45-20260801-175952,iteration5,,45.0,test,test_metrics.mIoU,0.8579386472702026,2026-08-01T17:59:52+00:00,0e8e107,1
iteration5-seed45-20260801-175952,iteration5,,45.0,test,test_metrics.mIoU_hazard_only,0.8055300712585449,2026-08-01T17:59:52+00:00,0e8e107,1
iteration5-seed45-20260801-175952,iteration5,,45.0,test,test_metrics.pixel_accuracy,0.9656730651855469,2026-08-01T17:59:52+00:00,0e8e107,1
iteration5-seed46-20260801-192359,iteration5,,46.0,test,best_val_loss,0.14711394906044,2026-08-01T19:23:59+00:00,0e8e107,1
iteration5-seed46-20260801-192359,iteration5,,46.0,test,epochs_completed,40.0,2026-08-01T19:23:59+00:00,0e8e107,1
iteration5-seed46-20260801-192359,iteration5,,46.0,test,global_epoch_offset,40.0,2026-08-01T19:23:59+00:00,0e8e107,1
iteration5-seed46-20260801-192359,iteration5,,46.0,test,test_accuracy,0.9690711975097656,2026-08-01T19:23:59+00:00,0e8e107,1
iteration5-seed46-20260801-192359,iteration5,,46.0,test,test_loss,0.1779814839363098,2026-08-01T19:23:59+00:00,0e8e107,1
iteration5-seed46-20260801-192359,iteration5,,46.0,test,test_metrics.Dice/background,0.9837966561317444,2026-08-01T19:23:59+00:00,0e8e107,1
iteration5-seed46-20260801-192359,iteration5,,46.0,test,test_metrics.Dice/fire,0.9006893038749695,2026-08-01T19:23:59+00:00,0e8e107,1
iteration5-seed46-20260801-192359,iteration5,,46.0,test,test_metrics.Dice/smoke,0.8918030858039856,2026-08-01T19:23:59+00:00,0e8e107,1
iteration5-seed46-20260801-192359,iteration5,,46.0,test,test_metrics.IoU/background,0.968109965324402,2026-08-01T19:23:59+00:00,0e8e107,1
iteration5-seed46-20260801-192359,iteration5,,46.0,test,test_metrics.IoU/fire,0.819321870803833,2026-08-01T19:23:59+00:00,0e8e107,1
iteration5-seed46-20260801-192359,iteration5,,46.0,test,test_metrics.IoU/smoke,0.8047334551811218,2026-08-01T19:23:59+00:00,0e8e107,1
iteration5-seed46-20260801-192359,iteration5,,46.0,test,test_metrics.mDice,0.9254297018051147,2026-08-01T19:23:59+00:00,0e8e107,1
iteration5-seed46-20260801-192359,iteration5,,46.0,test,test_metrics.mDice_hazard_only,0.8962461948394775,2026-08-01T19:23:59+00:00,0e8e107,1
iteration5-seed46-20260801-192359,iteration5,,46.0,test,test_metrics.mIoU,0.8640550971031189,2026-08-01T19:23:59+00:00,0e8e107,1
iteration5-seed46-20260801-192359,iteration5,,46.0,test,test_metrics.mIoU_hazard_only,0.8120276927947998,2026-08-01T19:23:59+00:00,0e8e107,1
iteration5-seed46-20260801-192359,iteration5,,46.0,test,test_metrics.pixel_accuracy,0.9690711975097656,2026-08-01T19:23:59+00:00,0e8e107,1
iteration4-seed43-20260801-192519,iteration4,,43.0,test,test/f1/fire,0.6588485297027679,2026-08-01T19:25:19+00:00,0e8e107,1
iteration4-seed43-20260801-192519,iteration4,,43.0,test,test/f1/smoke,0.780022718146474,2026-08-01T19:25:19+00:00,0e8e107,1
iteration4-seed43-20260801-192519,iteration4,,43.0,test,test/fitness,0.4308948703522817,2026-08-01T19:25:19+00:00,0e8e107,1
iteration4-seed43-20260801-192519,iteration4,,43.0,test,test/mAP50,0.7477968457984916,2026-08-01T19:25:19+00:00,0e8e107,1
iteration4-seed43-20260801-192519,iteration4,,43.0,test,test/mAP50-95,0.4308948703522817,2026-08-01T19:25:19+00:00,0e8e107,1
iteration4-seed43-20260801-192519,iteration4,,43.0,test,test/mAP50-95/fire,0.3563539513415897,2026-08-01T19:25:19+00:00,0e8e107,1
iteration4-seed43-20260801-192519,iteration4,,43.0,test,test/mAP50-95/smoke,0.5054357893629734,2026-08-01T19:25:19+00:00,0e8e107,1
iteration4-seed43-20260801-192519,iteration4,,43.0,test,test/mAP50/fire,0.6822648719282123,2026-08-01T19:25:19+00:00,0e8e107,1
iteration4-seed43-20260801-192519,iteration4,,43.0,test,test/mAP50/smoke,0.813328819668771,2026-08-01T19:25:19+00:00,0e8e107,1
iteration4-seed43-20260801-192519,iteration4,,43.0,test,test/metrics/mAP50(B),0.7477968457984916,2026-08-01T19:25:19+00:00,0e8e107,1
iteration4-seed43-20260801-192519,iteration4,,43.0,test,test/metrics/mAP50-95(B),0.4308948703522817,2026-08-01T19:25:19+00:00,0e8e107,1
iteration4-seed43-20260801-192519,iteration4,,43.0,test,test/metrics/precision(B),0.7514469879457422,2026-08-01T19:25:19+00:00,0e8e107,1
iteration4-seed43-20260801-192519,iteration4,,43.0,test,test/metrics/recall(B),0.6904867928678418,2026-08-01T19:25:19+00:00,0e8e107,1
iteration4-seed43-20260801-192519,iteration4,,43.0,test,test/precision/fire,0.7025519944944624,2026-08-01T19:25:19+00:00,0e8e107,1
iteration4-seed43-20260801-192519,iteration4,,43.0,test,test/precision/smoke,0.800341981397022,2026-08-01T19:25:19+00:00,0e8e107,1
iteration4-seed43-20260801-192519,iteration4,,43.0,test,test/recall/fire,0.6202639362333037,2026-08-01T19:25:19+00:00,0e8e107,1
iteration4-seed43-20260801-192519,iteration4,,43.0,test,test/recall/smoke,0.76070964950238,2026-08-01T19:25:19+00:00,0e8e107,1
iteration4-seed44-20260801-192558,iteration4,,44.0,test,test/f1/fire,0.6465018131126754,2026-08-01T19:25:58+00:00,0e8e107,1
iteration4-seed44-20260801-192558,iteration4,,44.0,test,test/f1/smoke,0.7826499002079079,2026-08-01T19:25:58+00:00,0e8e107,1
iteration4-seed44-20260801-192558,iteration4,,44.0,test,test/fitness,0.4287893736367394,2026-08-01T19:25:58+00:00,0e8e107,1
iteration4-seed44-20260801-192558,iteration4,,44.0,test,test/mAP50,0.7471426618172192,2026-08-01T19:25:58+00:00,0e8e107,1
iteration4-seed44-20260801-192558,iteration4,,44.0,test,test/mAP50-95,0.4287893736367394,2026-08-01T19:25:58+00:00,0e8e107,1
iteration4-seed44-20260801-192558,iteration4,,44.0,test,test/mAP50-95/fire,0.3540381294924141,2026-08-01T19:25:58+00:00,0e8e107,1
iteration4-seed44-20260801-192558,iteration4,,44.0,test,test/mAP50-95/smoke,0.5035406177810647,2026-08-01T19:25:58+00:00,0e8e107,1
iteration4-seed44-20260801-192558,iteration4,,44.0,test,test/mAP50/fire,0.6795297815293805,2026-08-01T19:25:58+00:00,0e8e107,1
iteration4-seed44-20260801-192558,iteration4,,44.0,test,test/mAP50/smoke,0.8147555421050579,2026-08-01T19:25:58+00:00,0e8e107,1
iteration4-seed44-20260801-192558,iteration4,,44.0,test,test/metrics/mAP50(B),0.7471426618172192,2026-08-01T19:25:58+00:00,0e8e107,1
iteration4-seed44-20260801-192558,iteration4,,44.0,test,test/metrics/mAP50-95(B),0.4287893736367394,2026-08-01T19:25:58+00:00,0e8e107,1
iteration4-seed44-20260801-192558,iteration4,,44.0,test,test/metrics/precision(B),0.7446221870422824,2026-08-01T19:25:58+00:00,0e8e107,1
iteration4-seed44-20260801-192558,iteration4,,44.0,test,test/metrics/recall(B),0.6877889067558779,2026-08-01T19:25:58+00:00,0e8e107,1
iteration4-seed44-20260801-192558,iteration4,,44.0,test,test/precision/fire,0.6942277835166148,2026-08-01T19:25:58+00:00,0e8e107,1
iteration4-seed44-20260801-192558,iteration4,,44.0,test,test/precision/smoke,0.79501659056795,2026-08-01T19:25:58+00:00,0e8e107,1
iteration4-seed44-20260801-192558,iteration4,,44.0,test,test/recall/fire,0.6049157624516087,2026-08-01T19:25:58+00:00,0e8e107,1
iteration4-seed44-20260801-192558,iteration4,,44.0,test,test/recall/smoke,0.7706620510601471,2026-08-01T19:25:58+00:00,0e8e107,1
iteration3-seed42-20260801-195533,iteration3,,42.0,test,best_val_loss,0.3617979550638596,2026-08-01T19:55:33+00:00,0e8e107,1
iteration3-seed42-20260801-195533,iteration3,,42.0,test,edge_simulation.edge/accuracy_delta_int8_vs_fp32,0.0002322340919647,2026-08-01T19:55:33+00:00,0e8e107,1
iteration3-seed42-20260801-195533,iteration3,,42.0,test,edge_simulation.edge/latency_speedup_ratio,1.051409510151767,2026-08-01T19:55:33+00:00,0e8e107,1
iteration3-seed42-20260801-195533,iteration3,,42.0,test,edge_simulation.edge/size_compression_ratio,2.7108506385158018,2026-08-01T19:55:33+00:00,0e8e107,1
iteration3-seed42-20260801-195533,iteration3,,42.0,test,edge_simulation.fp32/inference_ms,5.677644999959739,2026-08-01T19:55:33+00:00,0e8e107,1
iteration3-seed42-20260801-195533,iteration3,,42.0,test,edge_simulation.fp32/model_size_mb,10.328267097473145,2026-08-01T19:55:33+00:00,0e8e107,1
iteration3-seed42-20260801-195533,iteration3,,42.0,test,edge_simulation.fp32/test_accuracy,0.894565722248026,2026-08-01T19:55:33+00:00,0e8e107,1
iteration3-seed42-20260801-195533,iteration3,,42.0,test,edge_simulation.fp32/test_f1_macro,0.8575250410813078,2026-08-01T19:55:33+00:00,0e8e107,1
iteration3-seed42-20260801-195533,iteration3,,42.0,test,edge_simulation.fp32/test_loss,0.3001975627556353,2026-08-01T19:55:33+00:00,0e8e107,1
iteration3-seed42-20260801-195533,iteration3,,42.0,test,edge_simulation.int8/inference_ms,5.400032000034116,2026-08-01T19:55:33+00:00,0e8e107,1
iteration3-seed42-20260801-195533,iteration3,,42.0,test,edge_simulation.int8/model_size_mb,3.809972763061523,2026-08-01T19:55:33+00:00,0e8e107,1
iteration3-seed42-20260801-195533,iteration3,,42.0,test,edge_simulation.int8/test_accuracy,0.8947979563399907,2026-08-01T19:55:33+00:00,0e8e107,1
iteration3-seed42-20260801-195533,iteration3,,42.0,test,edge_simulation.int8/test_f1_macro,0.8576376135267294,2026-08-01T19:55:33+00:00,0e8e107,1
iteration3-seed42-20260801-195533,iteration3,,42.0,test,edge_simulation.int8/test_loss,0.3004209945991434,2026-08-01T19:55:33+00:00,0e8e107,1
iteration3-seed42-20260801-195533,iteration3,,42.0,test,finetune.best_val_loss,0.3617979550638596,2026-08-01T19:55:33+00:00,0e8e107,1
iteration3-seed42-20260801-195533,iteration3,,42.0,test,finetune.epochs_completed,10.0,2026-08-01T19:55:33+00:00,0e8e107,1
iteration3-seed42-20260801-195533,iteration3,,42.0,test,finetune.global_epoch_offset,15.0,2026-08-01T19:55:33+00:00,0e8e107,1
iteration3-seed42-20260801-195533,iteration3,,42.0,test,head.best_val_loss,0.579703417640611,2026-08-01T19:55:33+00:00,0e8e107,1
iteration3-seed42-20260801-195533,iteration3,,42.0,test,head.epochs_completed,5.0,2026-08-01T19:55:33+00:00,0e8e107,1
iteration3-seed42-20260801-195533,iteration3,,42.0,test,head.global_epoch_offset,5.0,2026-08-01T19:55:33+00:00,0e8e107,1
iteration3-seed42-20260801-195533,iteration3,,42.0,test,test_accuracy,0.894565722248026,2026-08-01T19:55:33+00:00,0e8e107,1
iteration3-seed42-20260801-195533,iteration3,,42.0,test,test_f1_macro,0.8575250410813078,2026-08-01T19:55:33+00:00,0e8e107,1
iteration3-seed42-20260801-195533,iteration3,,42.0,test,test_loss,0.3300454645234654,2026-08-01T19:55:33+00:00,0e8e107,1
iteration3-seed43-20260801-202436,iteration3,,43.0,test,best_val_loss,0.3532276682774456,2026-08-01T20:24:36+00:00,0e8e107,1
iteration3-seed43-20260801-202436,iteration3,,43.0,test,edge_simulation.edge/accuracy_delta_int8_vs_fp32,0.0009289363678587,2026-08-01T20:24:36+00:00,0e8e107,1
iteration3-seed43-20260801-202436,iteration3,,43.0,test,edge_simulation.edge/latency_speedup_ratio,1.0995356933800486,2026-08-01T20:24:36+00:00,0e8e107,1
iteration3-seed43-20260801-202436,iteration3,,43.0,test,edge_simulation.edge/size_compression_ratio,2.7108506385158018,2026-08-01T20:24:36+00:00,0e8e107,1
iteration3-seed43-20260801-202436,iteration3,,43.0,test,edge_simulation.fp32/inference_ms,5.828664000000572,2026-08-01T20:24:36+00:00,0e8e107,1
iteration3-seed43-20260801-202436,iteration3,,43.0,test,edge_simulation.fp32/model_size_mb,10.328267097473145,2026-08-01T20:24:36+00:00,0e8e107,1
iteration3-seed43-20260801-202436,iteration3,,43.0,test,edge_simulation.fp32/test_accuracy,0.9001393404551788,2026-08-01T20:24:36+00:00,0e8e107,1
iteration3-seed43-20260801-202436,iteration3,,43.0,test,edge_simulation.fp32/test_f1_macro,0.8596691431733355,2026-08-01T20:24:36+00:00,0e8e107,1
iteration3-seed43-20260801-202436,iteration3,,43.0,test,edge_simulation.fp32/test_loss,0.294440618897427,2026-08-01T20:24:36+00:00,0e8e107,1
iteration3-seed43-20260801-202436,iteration3,,43.0,test,edge_simulation.int8/inference_ms,5.30102300006547,2026-08-01T20:24:36+00:00,0e8e107,1
iteration3-seed43-20260801-202436,iteration3,,43.0,test,edge_simulation.int8/model_size_mb,3.809972763061523,2026-08-01T20:24:36+00:00,0e8e107,1
iteration3-seed43-20260801-202436,iteration3,,43.0,test,edge_simulation.int8/test_accuracy,0.9010682768230376,2026-08-01T20:24:36+00:00,0e8e107,1
iteration3-seed43-20260801-202436,iteration3,,43.0,test,edge_simulation.int8/test_f1_macro,0.8604730463290275,2026-08-01T20:24:36+00:00,0e8e107,1
iteration3-seed43-20260801-202436,iteration3,,43.0,test,edge_simulation.int8/test_loss,0.2940491094391081,2026-08-01T20:24:36+00:00,0e8e107,1
iteration3-seed43-20260801-202436,iteration3,,43.0,test,finetune.best_val_loss,0.3532276682774456,2026-08-01T20:24:36+00:00,0e8e107,1
iteration3-seed43-20260801-202436,iteration3,,43.0,test,finetune.epochs_completed,10.0,2026-08-01T20:24:36+00:00,0e8e107,1
iteration3-seed43-20260801-202436,iteration3,,43.0,test,finetune.global_epoch_offset,15.0,2026-08-01T20:24:36+00:00,0e8e107,1
iteration3-seed43-20260801-202436,iteration3,,43.0,test,head.best_val_loss,0.5739337149340324,2026-08-01T20:24:36+00:00,0e8e107,1
iteration3-seed43-20260801-202436,iteration3,,43.0,test,head.epochs_completed,5.0,2026-08-01T20:24:36+00:00,0e8e107,1
iteration3-seed43-20260801-202436,iteration3,,43.0,test,head.global_epoch_offset,5.0,2026-08-01T20:24:36+00:00,0e8e107,1
iteration3-seed43-20260801-202436,iteration3,,43.0,test,test_accuracy,0.9001393404551788,2026-08-01T20:24:36+00:00,0e8e107,1
iteration3-seed43-20260801-202436,iteration3,,43.0,test,test_f1_macro,0.8596691431733355,2026-08-01T20:24:36+00:00,0e8e107,1
iteration3-seed43-20260801-202436,iteration3,,43.0,test,test_loss,0.3236866477164026,2026-08-01T20:24:36+00:00,0e8e107,1
iteration3-seed44-20260801-205351,iteration3,,44.0,test,best_val_loss,0.3490981901122816,2026-08-01T20:53:51+00:00,0e8e107,1
iteration3-seed44-20260801-205351,iteration3,,44.0,test,edge_simulation.edge/accuracy_delta_int8_vs_fp32,-0.0004644681839293,2026-08-01T20:53:51+00:00,0e8e107,1
iteration3-seed44-20260801-205351,iteration3,,44.0,test,edge_simulation.edge/latency_speedup_ratio,1.0757689541358146,2026-08-01T20:53:51+00:00,0e8e107,1
iteration3-seed44-20260801-205351,iteration3,,44.0,test,edge_simulation.edge/size_compression_ratio,2.7108506385158018,2026-08-01T20:53:51+00:00,0e8e107,1
iteration3-seed44-20260801-205351,iteration3,,44.0,test,edge_simulation.fp32/inference_ms,5.7027900000684895,2026-08-01T20:53:51+00:00,0e8e107,1
iteration3-seed44-20260801-205351,iteration3,,44.0,test,edge_simulation.fp32/model_size_mb,10.328267097473145,2026-08-01T20:53:51+00:00,0e8e107,1
iteration3-seed44-20260801-205351,iteration3,,44.0,test,edge_simulation.fp32/test_accuracy,0.8987459359033906,2026-08-01T20:53:51+00:00,0e8e107,1
iteration3-seed44-20260801-205351,iteration3,,44.0,test,edge_simulation.fp32/test_f1_macro,0.8598310378770762,2026-08-01T20:53:51+00:00,0e8e107,1
iteration3-seed44-20260801-205351,iteration3,,44.0,test,edge_simulation.fp32/test_loss,0.2930052563015162,2026-08-01T20:53:51+00:00,0e8e107,1
iteration3-seed44-20260801-205351,iteration3,,44.0,test,edge_simulation.int8/inference_ms,5.301128999999492,2026-08-01T20:53:51+00:00,0e8e107,1
iteration3-seed44-20260801-205351,iteration3,,44.0,test,edge_simulation.int8/model_size_mb,3.809972763061523,2026-08-01T20:53:51+00:00,0e8e107,1
iteration3-seed44-20260801-205351,iteration3,,44.0,test,edge_simulation.int8/test_accuracy,0.8982814677194613,2026-08-01T20:53:51+00:00,0e8e107,1
iteration3-seed44-20260801-205351,iteration3,,44.0,test,edge_simulation.int8/test_f1_macro,0.8594048306458804,2026-08-01T20:53:51+00:00,0e8e107,1
iteration3-seed44-20260801-205351,iteration3,,44.0,test,edge_simulation.int8/test_loss,0.2933302610763078,2026-08-01T20:53:51+00:00,0e8e107,1
iteration3-seed44-20260801-205351,iteration3,,44.0,test,finetune.best_val_loss,0.3490981901122816,2026-08-01T20:53:51+00:00,0e8e107,1
iteration3-seed44-20260801-205351,iteration3,,44.0,test,finetune.epochs_completed,10.0,2026-08-01T20:53:51+00:00,0e8e107,1
iteration3-seed44-20260801-205351,iteration3,,44.0,test,finetune.global_epoch_offset,15.0,2026-08-01T20:53:51+00:00,0e8e107,1
iteration3-seed44-20260801-205351,iteration3,,44.0,test,head.best_val_loss,0.5717956326822574,2026-08-01T20:53:51+00:00,0e8e107,1
iteration3-seed44-20260801-205351,iteration3,,44.0,test,head.epochs_completed,5.0,2026-08-01T20:53:51+00:00,0e8e107,1
iteration3-seed44-20260801-205351,iteration3,,44.0,test,head.global_epoch_offset,5.0,2026-08-01T20:53:51+00:00,0e8e107,1
iteration3-seed44-20260801-205351,iteration3,,44.0,test,test_accuracy,0.8987459359033906,2026-08-01T20:53:51+00:00,0e8e107,1
iteration3-seed44-20260801-205351,iteration3,,44.0,test,test_f1_macro,0.8598310378770762,2026-08-01T20:53:51+00:00,0e8e107,1
iteration3-seed44-20260801-205351,iteration3,,44.0,test,test_loss,0.3192921099389258,2026-08-01T20:53:51+00:00,0e8e107,1
iteration3-seed45-20260801-212257,iteration3,,45.0,test,best_val_loss,0.36258675723489,2026-08-01T21:22:57+00:00,0e8e107,1
iteration3-seed45-20260801-212257,iteration3,,45.0,test,edge_simulation.edge/accuracy_delta_int8_vs_fp32,0.0002322340919647,2026-08-01T21:22:57+00:00,0e8e107,1
iteration3-seed45-20260801-212257,iteration3,,45.0,test,edge_simulation.edge/latency_speedup_ratio,1.0590605641480717,2026-08-01T21:22:57+00:00,0e8e107,1
iteration3-seed45-20260801-212257,iteration3,,45.0,test,edge_simulation.edge/size_compression_ratio,2.7108506385158018,2026-08-01T21:22:57+00:00,0e8e107,1
iteration3-seed45-20260801-212257,iteration3,,45.0,test,edge_simulation.fp32/inference_ms,5.687707000033697,2026-08-01T21:22:57+00:00,0e8e107,1
iteration3-seed45-20260801-212257,iteration3,,45.0,test,edge_simulation.fp32/model_size_mb,10.328267097473145,2026-08-01T21:22:57+00:00,0e8e107,1
iteration3-seed45-20260801-212257,iteration3,,45.0,test,edge_simulation.fp32/test_accuracy,0.9026939154667906,2026-08-01T21:22:57+00:00,0e8e107,1
iteration3-seed45-20260801-212257,iteration3,,45.0,test,edge_simulation.fp32/test_f1_macro,0.8685229905447578,2026-08-01T21:22:57+00:00,0e8e107,1
iteration3-seed45-20260801-212257,iteration3,,45.0,test,edge_simulation.fp32/test_loss,0.2811548738989977,2026-08-01T21:22:57+00:00,0e8e107,1
iteration3-seed45-20260801-212257,iteration3,,45.0,test,edge_simulation.int8/inference_ms,5.3705210000043735,2026-08-01T21:22:57+00:00,0e8e107,1
iteration3-seed45-20260801-212257,iteration3,,45.0,test,edge_simulation.int8/model_size_mb,3.809972763061523,2026-08-01T21:22:57+00:00,0e8e107,1
iteration3-seed45-20260801-212257,iteration3,,45.0,test,edge_simulation.int8/test_accuracy,0.9029261495587552,2026-08-01T21:22:57+00:00,0e8e107,1
iteration3-seed45-20260801-212257,iteration3,,45.0,test,edge_simulation.int8/test_f1_macro,0.869106272118807,2026-08-01T21:22:57+00:00,0e8e107,1
iteration3-seed45-20260801-212257,iteration3,,45.0,test,edge_simulation.int8/test_loss,0.2806315553490084,2026-08-01T21:22:57+00:00,0e8e107,1
iteration3-seed45-20260801-212257,iteration3,,45.0,test,finetune.best_val_loss,0.36258675723489,2026-08-01T21:22:57+00:00,0e8e107,1
iteration3-seed45-20260801-212257,iteration3,,45.0,test,finetune.epochs_completed,10.0,2026-08-01T21:22:57+00:00,0e8e107,1
iteration3-seed45-20260801-212257,iteration3,,45.0,test,finetune.global_epoch_offset,15.0,2026-08-01T21:22:57+00:00,0e8e107,1
iteration3-seed45-20260801-212257,iteration3,,45.0,test,head.best_val_loss,0.577858481744906,2026-08-01T21:22:57+00:00,0e8e107,1
iteration3-seed45-20260801-212257,iteration3,,45.0,test,head.epochs_completed,5.0,2026-08-01T21:22:57+00:00,0e8e107,1
iteration3-seed45-20260801-212257,iteration3,,45.0,test,head.global_epoch_offset,5.0,2026-08-01T21:22:57+00:00,0e8e107,1
iteration3-seed45-20260801-212257,iteration3,,45.0,test,test_accuracy,0.9026939154667906,2026-08-01T21:22:57+00:00,0e8e107,1
iteration3-seed45-20260801-212257,iteration3,,45.0,test,test_f1_macro,0.8685229905447578,2026-08-01T21:22:57+00:00,0e8e107,1
iteration3-seed45-20260801-212257,iteration3,,45.0,test,test_loss,0.3165850100309501,2026-08-01T21:22:57+00:00,0e8e107,1
iteration3-seed46-20260801-215209,iteration3,,46.0,test,best_val_loss,0.3516207536686694,2026-08-01T21:52:08+00:00,0e8e107,1
iteration3-seed46-20260801-215209,iteration3,,46.0,test,edge_simulation.edge/accuracy_delta_int8_vs_fp32,0.0002322340919647,2026-08-01T21:52:08+00:00,0e8e107,1
iteration3-seed46-20260801-215209,iteration3,,46.0,test,edge_simulation.edge/latency_speedup_ratio,1.0820779387014328,2026-08-01T21:52:08+00:00,0e8e107,1
iteration3-seed46-20260801-215209,iteration3,,46.0,test,edge_simulation.edge/size_compression_ratio,2.7108506385158018,2026-08-01T21:52:08+00:00,0e8e107,1
iteration3-seed46-20260801-215209,iteration3,,46.0,test,edge_simulation.fp32/inference_ms,5.721142999973381,2026-08-01T21:52:08+00:00,0e8e107,1
iteration3-seed46-20260801-215209,iteration3,,46.0,test,edge_simulation.fp32/model_size_mb,10.328267097473145,2026-08-01T21:52:08+00:00,0e8e107,1
iteration3-seed46-20260801-215209,iteration3,,46.0,test,edge_simulation.fp32/test_accuracy,0.8985137018114259,2026-08-01T21:52:08+00:00,0e8e107,1
iteration3-seed46-20260801-215209,iteration3,,46.0,test,edge_simulation.fp32/test_f1_macro,0.8573485372167328,2026-08-01T21:52:08+00:00,0e8e107,1
iteration3-seed46-20260801-215209,iteration3,,46.0,test,edge_simulation.fp32/test_loss,0.2937316369253206,2026-08-01T21:52:08+00:00,0e8e107,1
iteration3-seed46-20260801-215209,iteration3,,46.0,test,edge_simulation.int8/inference_ms,5.287181999883615,2026-08-01T21:52:08+00:00,0e8e107,1
iteration3-seed46-20260801-215209,iteration3,,46.0,test,edge_simulation.int8/model_size_mb,3.809972763061523,2026-08-01T21:52:08+00:00,0e8e107,1
iteration3-seed46-20260801-215209,iteration3,,46.0,test,edge_simulation.int8/test_accuracy,0.8987459359033906,2026-08-01T21:52:08+00:00,0e8e107,1
iteration3-seed46-20260801-215209,iteration3,,46.0,test,edge_simulation.int8/test_f1_macro,0.8577301296070343,2026-08-01T21:52:08+00:00,0e8e107,1
iteration3-seed46-20260801-215209,iteration3,,46.0,test,edge_simulation.int8/test_loss,0.2935729939897172,2026-08-01T21:52:08+00:00,0e8e107,1
iteration3-seed46-20260801-215209,iteration3,,46.0,test,finetune.best_val_loss,0.3516207536686694,2026-08-01T21:52:08+00:00,0e8e107,1
iteration3-seed46-20260801-215209,iteration3,,46.0,test,finetune.epochs_completed,10.0,2026-08-01T21:52:08+00:00,0e8e107,1
iteration3-seed46-20260801-215209,iteration3,,46.0,test,finetune.global_epoch_offset,15.0,2026-08-01T21:52:08+00:00,0e8e107,1
iteration3-seed46-20260801-215209,iteration3,,46.0,test,head.best_val_loss,0.5770665512965086,2026-08-01T21:52:08+00:00,0e8e107,1
iteration3-seed46-20260801-215209,iteration3,,46.0,test,head.epochs_completed,5.0,2026-08-01T21:52:08+00:00,0e8e107,1
iteration3-seed46-20260801-215209,iteration3,,46.0,test,head.global_epoch_offset,5.0,2026-08-01T21:52:08+00:00,0e8e107,1
iteration3-seed46-20260801-215209,iteration3,,46.0,test,test_accuracy,0.8985137018114259,2026-08-01T21:52:08+00:00,0e8e107,1
iteration3-seed46-20260801-215209,iteration3,,46.0,test,test_f1_macro,0.8573485372167328,2026-08-01T21:52:08+00:00,0e8e107,1
iteration3-seed46-20260801-215209,iteration3,,46.0,test,test_loss,0.3238470736480955,2026-08-01T21:52:08+00:00,0e8e107,1
iteration4-seed42-20260802-052036,iteration4,,42.0,test,test/f1/fire,0.652682603394408,2026-08-02T05:20:36+00:00,0e8e107,1
iteration4-seed42-20260802-052036,iteration4,,42.0,test,test/f1/smoke,0.7883574270636443,2026-08-02T05:20:36+00:00,0e8e107,1
iteration4-seed42-20260802-052036,iteration4,,42.0,test,test/fitness,0.430154057488138,2026-08-02T05:20:36+00:00,0e8e107,1
iteration4-seed42-20260802-052036,iteration4,,42.0,test,test/mAP50,0.7514618247324861,2026-08-02T05:20:36+00:00,0e8e107,1
iteration4-seed42-20260802-052036,iteration4,,42.0,test,test/mAP50-95,0.430154057488138,2026-08-02T05:20:36+00:00,0e8e107,1
iteration4-seed42-20260802-052036,iteration4,,42.0,test,test/mAP50-95/fire,0.3534583083058054,2026-08-02T05:20:36+00:00,0e8e107,1
iteration4-seed42-20260802-052036,iteration4,,42.0,test,test/mAP50-95/smoke,0.5068498066704709,2026-08-02T05:20:36+00:00,0e8e107,1
iteration4-seed42-20260802-052036,iteration4,,42.0,test,test/mAP50/fire,0.6814105003583946,2026-08-02T05:20:36+00:00,0e8e107,1
iteration4-seed42-20260802-052036,iteration4,,42.0,test,test/mAP50/smoke,0.8215131491065777,2026-08-02T05:20:36+00:00,0e8e107,1
iteration4-seed42-20260802-052036,iteration4,,42.0,test,test/metrics/mAP50(B),0.7514618247324861,2026-08-02T05:20:36+00:00,0e8e107,1
iteration4-seed42-20260802-052036,iteration4,,42.0,test,test/metrics/mAP50-95(B),0.430154057488138,2026-08-02T05:20:36+00:00,0e8e107,1
iteration4-seed42-20260802-052036,iteration4,,42.0,test,test/metrics/precision(B),0.7480918699539407,2026-08-02T05:20:36+00:00,0e8e107,1
iteration4-seed42-20260802-052036,iteration4,,42.0,test,test/metrics/recall(B),0.6955337544508585,2026-08-02T05:20:36+00:00,0e8e107,1
iteration4-seed42-20260802-052036,iteration4,,42.0,test,test/precision/fire,0.6944033399065308,2026-08-02T05:20:36+00:00,0e8e107,1
iteration4-seed42-20260802-052036,iteration4,,42.0,test,test/precision/smoke,0.8017804000013505,2026-08-02T05:20:36+00:00,0e8e107,1
iteration4-seed42-20260802-052036,iteration4,,42.0,test,test/recall/fire,0.6156910148910889,2026-08-02T05:20:36+00:00,0e8e107,1
iteration4-seed42-20260802-052036,iteration4,,42.0,test,test/recall/smoke,0.7753764940106281,2026-08-02T05:20:36+00:00,0e8e107,1
common_evaluation-20260820-202540,common_evaluation,,,test,n_images,4306.0,2026-08-20T20:25:40+00:00,f332f1a,1
common_evaluation-20260820-202540,common_evaluation,,,test,rows,24.0,2026-08-20T20:25:40+00:00,f332f1a,1
