method,model_name,corruption,group,severity,n_images,accuracy,f1_macro,f1_Neither,f1_Only_Fire,f1_Only_Smoke,f1_Both,accuracy_drop,relative_drop_pct,seed,checkpoint
iteration2,MobileNetV3-Small,none,clean,0,4306,0.8943334881560613,0.8547436641214226,0.942360936320161,0.7420634920634921,0.8636555508653441,0.8708946772366931,0.0,0.0,42,C:\git\fireDetection\checkpoints\iteration2-seed42\best_model.pt
iteration2,MobileNetV3-Small,none,clean,0,4306,0.8838829540176498,0.8477149480424345,0.9316367265469062,0.75,0.8465696465696466,0.8626534190531853,0.0,0.0,43,C:\git\fireDetection\checkpoints\iteration2-seed43\best_model.pt
iteration2,MobileNetV3-Small,none,clean,0,4306,0.9010682768230376,0.8522167353400287,0.9511155678114815,0.7030965391621129,0.8854515050167224,0.8692033293697978,0.0,0.0,44,C:\git\fireDetection\checkpoints\iteration2-seed44\best_model.pt
iteration2,MobileNetV3-Small,none,clean,0,4306,0.8785415699024617,0.8201199226134814,0.9442473390775469,0.6402640264026402,0.8644434820268515,0.8315248429468874,0.0,0.0,45,C:\git\fireDetection\checkpoints\iteration2-seed45\best_model.pt
iteration2,MobileNetV3-Small,none,clean,0,4306,0.8850441244774733,0.8477462857271634,0.9341134571355889,0.7414448669201521,0.852051388313303,0.8633754305396096,0.0,0.0,46,C:\git\fireDetection\checkpoints\iteration2-seed46\best_model.pt
iteration3,MobileNetV3-Small robust,none,clean,0,4306,0.8906177426846261,0.8518448064734704,0.9372787051087507,0.7404426559356136,0.8608333333333333,0.868824531516184,0.0,0.0,42,C:\git\fireDetection\checkpoints\iteration3-seed42\best_model.pt
iteration3,MobileNetV3-Small robust,none,clean,0,4306,0.8936367858801673,0.8544502749391218,0.9409687184661958,0.7434343434343434,0.8645268862025844,0.8688711516533637,0.0,0.0,43,C:\git\fireDetection\checkpoints\iteration3-seed43\best_model.pt
iteration3,MobileNetV3-Small robust,none,clean,0,4306,0.8873664653971203,0.8474599722292893,0.9342105263157895,0.7302231237322515,0.8552467855661551,0.8701594533029613,0.0,0.0,44,C:\git\fireDetection\checkpoints\iteration3-seed44\best_model.pt
iteration3,MobileNetV3-Small robust,none,clean,0,4306,0.8954946586158848,0.8631029429925711,0.9402310396785535,0.7770700636942676,0.8575020955574183,0.8776085730400451,0.0,0.0,45,C:\git\fireDetection\checkpoints\iteration3-seed45\best_model.pt
iteration3,MobileNetV3-Small robust,none,clean,0,4306,0.8866697631212263,0.8468653193751097,0.9346454706030785,0.7327935222672065,0.8547579298831386,0.8652643547470154,0.0,0.0,46,C:\git\fireDetection\checkpoints\iteration3-seed46\best_model.pt
iteration2,MobileNetV3-Small,brightness_down,seen_in_training,1,4306,0.882954017649791,0.8389091310758414,0.9357287449392713,0.7131782945736435,0.8558371416701288,0.8508923431203224,0.011379470506270306,1.2723967800571265,42,C:\git\fireDetection\checkpoints\iteration2-seed42\best_model.pt
iteration2,MobileNetV3-Small,brightness_down,seen_in_training,1,4306,0.8766836971667441,0.8388333694355588,0.9254254254254254,0.7344398340248963,0.8390004096681688,0.8564678086237448,0.007199256850905722,0.814503415659486,43,C:\git\fireDetection\checkpoints\iteration2-seed43\best_model.pt
iteration2,MobileNetV3-Small,brightness_down,seen_in_training,1,4306,0.8903855085926614,0.8366264454923414,0.9489414694894147,0.6824817518248175,0.8734864300626305,0.841596130592503,0.010682768230376172,1.185567010309273,44,C:\git\fireDetection\checkpoints\iteration2-seed44\best_model.pt
iteration2,MobileNetV3-Small,brightness_down,seen_in_training,1,4306,0.8699489084997678,0.8108033247422641,0.93613786112519,0.63,0.8566508824795523,0.8204245553643144,0.00859266140269388,0.9780597409463349,45,C:\git\fireDetection\checkpoints\iteration2-seed45\best_model.pt
iteration2,MobileNetV3-Small,brightness_down,seen_in_training,1,4306,0.8757547607988853,0.8347814348992664,0.9279509453244762,0.7181467181467182,0.8459016393442623,0.8471264367816091,0.009289363678588014,1.049593282602991,46,C:\git\fireDetection\checkpoints\iteration2-seed46\best_model.pt
iteration3,MobileNetV3-Small robust,brightness_down,seen_in_training,1,4306,0.8815606130980028,0.8447601009056274,0.9280778090606604,0.7372708757637475,0.8476767676767677,0.8660149511213341,0.009057129586623303,1.0169491525423713,42,C:\git\fireDetection\checkpoints\iteration3-seed42\best_model.pt
iteration3,MobileNetV3-Small robust,brightness_down,seen_in_training,1,4306,0.8836507199256851,0.8464833864320014,0.9308143987745724,0.7392197125256673,0.8496573962112052,0.8662420382165605,0.009986065954482148,1.1174636174636208,43,C:\git\fireDetection\checkpoints\iteration3-seed43\best_model.pt
iteration3,MobileNetV3-Small robust,brightness_down,seen_in_training,1,4306,0.873664653971203,0.8351017979786632,0.922644881286699,0.7225548902195609,0.8392500997207818,0.8559573206876111,0.01370181142591731,1.544098403559276,44,C:\git\fireDetection\checkpoints\iteration3-seed44\best_model.pt
iteration3,MobileNetV3-Small robust,brightness_down,seen_in_training,1,4306,0.8850441244774733,0.8540686815519853,0.9295489102889002,0.7705627705627706,0.8453441295546559,0.8708189158016147,0.010450534138411571,1.167012448132786,45,C:\git\fireDetection\checkpoints\iteration3-seed45\best_model.pt
iteration3,MobileNetV3-Small robust,brightness_down,seen_in_training,1,4306,0.8766836971667441,0.8374769473877287,0.925388337153043,0.7246376811594203,0.8425738567381627,0.8573079145002889,0.009986065954482148,1.1262441068622349,46,C:\git\fireDetection\checkpoints\iteration3-seed46\best_model.pt
iteration2,MobileNetV3-Small,brightness_down,seen_in_training,2,4306,0.8704133766836971,0.8300816476465043,0.9249492900608519,0.7195357833655706,0.8348397699260477,0.8410017472335469,0.02392011147236417,2.6746299662425375,42,C:\git\fireDetection\checkpoints\iteration2-seed42\best_model.pt
iteration2,MobileNetV3-Small,brightness_down,seen_in_training,2,4306,0.8564793311658151,0.8206201040930283,0.9069356872635561,0.7209775967413442,0.8125250903251706,0.842042042042042,0.02740362285183473,3.1003678402522423,43,C:\git\fireDetection\checkpoints\iteration2-seed43\best_model.pt
iteration2,MobileNetV3-Small,brightness_down,seen_in_training,2,4306,0.8704133766836971,0.8122887759477695,0.9364764267990074,0.6467486818980668,0.8480268681780017,0.8179031269160024,0.03065490013934047,3.4020618556701048,44,C:\git\fireDetection\checkpoints\iteration2-seed44\best_model.pt
iteration2,MobileNetV3-Small,brightness_down,seen_in_training,2,4306,0.8574082675336739,0.8000020732981542,0.92625669813728,0.6229508196721312,0.831565549427238,0.8192352259559675,0.021133302368787743,2.4054982817869424,45,C:\git\fireDetection\checkpoints\iteration2-seed45\best_model.pt
iteration2,MobileNetV3-Small,brightness_down,seen_in_training,2,4306,0.8567115652577798,0.8150920295392585,0.9130434782608695,0.6927374301675978,0.8198957079823506,0.8346915017462165,0.028332559219693465,3.201259511939125,46,C:\git\fireDetection\checkpoints\iteration2-seed46\best_model.pt
iteration3,MobileNetV3-Small robust,brightness_down,seen_in_training,2,4306,0.8594983743613562,0.8270995643590158,0.9042025580788305,0.7269076305220884,0.8198127925117005,0.8574752763234439,0.03111936832326989,3.494132985658413,42,C:\git\fireDetection\checkpoints\iteration3-seed42\best_model.pt
iteration3,MobileNetV3-Small robust,brightness_down,seen_in_training,2,4306,0.8625174175568974,0.8291468030907202,0.907012987012987,0.726530612244898,0.8238969152674737,0.859146697837522,0.03111936832326989,3.482328482328486,43,C:\git\fireDetection\checkpoints\iteration3-seed43\best_model.pt
iteration3,MobileNetV3-Small robust,brightness_down,seen_in_training,2,4306,0.8495123084068741,0.8120276127586605,0.8977987421383647,0.6939571150097466,0.8147584632940281,0.841596130592503,0.03785415699024619,4.265898979324787,44,C:\git\fireDetection\checkpoints\iteration3-seed44\best_model.pt
iteration3,MobileNetV3-Small robust,brightness_down,seen_in_training,2,4306,0.8615884811890385,0.8368128024193728,0.9023883696780893,0.7627118644067796,0.8157589803012746,0.8663919952913478,0.03390617742684632,3.786307053941915,45,C:\git\fireDetection\checkpoints\iteration3-seed45\best_model.pt
iteration3,MobileNetV3-Small robust,brightness_down,seen_in_training,2,4306,0.8567115652577798,0.82034088468777,0.9023376623376623,0.7056451612903226,0.81875,0.854630715123095,0.029958197863446445,3.3787323205867046,46,C:\git\fireDetection\checkpoints\iteration3-seed46\best_model.pt
iteration2,MobileNetV3-Small,brightness_down,seen_in_training,3,4306,0.8411518810961449,0.7978800128277781,0.9022066198595787,0.6789667896678967,0.7933609958506224,0.8169856459330144,0.05318160705991637,5.946507400675147,42,C:\git\fireDetection\checkpoints\iteration2-seed42\best_model.pt
iteration2,MobileNetV3-Small,brightness_down,seen_in_training,3,4306,0.8300046446818393,0.7932393513618464,0.8844801607232546,0.688588007736944,0.7743778049775601,0.825511432009627,0.053878309335810504,6.095638465580662,43,C:\git\fireDetection\checkpoints\iteration2-seed43\best_model.pt
iteration2,MobileNetV3-Small,brightness_down,seen_in_training,3,4306,0.841848583372039,0.77915547234095,0.9190253507260645,0.6032786885245902,0.8076595744680851,0.7866582756450597,0.059219693450998534,6.572164948453601,44,C:\git\fireDetection\checkpoints\iteration2-seed44\best_model.pt
iteration2,MobileNetV3-Small,brightness_down,seen_in_training,3,4306,0.8258244310264747,0.7620478057499201,0.9089971642175818,0.5608308605341247,0.7959612957509465,0.7824019024970273,0.052717138875986946,6.000528680941047,45,C:\git\fireDetection\checkpoints\iteration2-seed45\best_model.pt
iteration2,MobileNetV3-Small,brightness_down,seen_in_training,3,4306,0.8156061309800279,0.7758796920405013,0.8748010610079575,0.6512455516014235,0.7713073659853451,0.8061647895672792,0.0694379934974454,7.845709787457357,46,C:\git\fireDetection\checkpoints\iteration2-seed46\best_model.pt
iteration3,MobileNetV3-Small robust,brightness_down,seen_in_training,3,4306,0.8248954946586159,0.7907623370074132,0.8704690831556503,0.6731517509727627,0.782803738317757,0.8366247755834829,0.06572224802601023,7.379400260756195,42,C:\git\fireDetection\checkpoints\iteration3-seed42\best_model.pt
iteration3,MobileNetV3-Small robust,brightness_down,seen_in_training,3,4306,0.8383650719925685,0.8049381290027042,0.8858638743455497,0.6987951807228916,0.794061667301104,0.8410317936412718,0.05527171388759877,6.1850311850311925,43,C:\git\fireDetection\checkpoints\iteration3-seed43\best_model.pt
iteration3,MobileNetV3-Small robust,brightness_down,seen_in_training,3,4306,0.8167673014398513,0.7775199879228513,0.8693347468857673,0.6493506493506493,0.7800738007380074,0.8113207547169812,0.07059916395726895,7.956032452237637,44,C:\git\fireDetection\checkpoints\iteration3-seed44\best_model.pt
iteration3,MobileNetV3-Small robust,brightness_down,seen_in_training,3,4306,0.8346493265211333,0.8031615645590396,0.8797484935813467,0.7031578947368421,0.7906801954152575,0.8390596745027125,0.060845332094751514,6.794605809128631,45,C:\git\fireDetection\checkpoints\iteration3-seed45\best_model.pt
iteration3,MobileNetV3-Small robust,brightness_down,seen_in_training,3,4306,0.8265211333023688,0.7908585749779315,0.8728902953586498,0.6705426356589147,0.7856603773584906,0.8343409915356711,0.06014862981885749,6.783656364588798,46,C:\git\fireDetection\checkpoints\iteration3-seed46\best_model.pt
iteration2,MobileNetV3-Small,brightness_up,seen_in_training,1,4306,0.8803994426381793,0.8401930458490797,0.930905462708905,0.7254901960784313,0.837709857942316,0.8666666666666667,0.013934045517882021,1.55803687353934,42,C:\git\fireDetection\checkpoints\iteration2-seed42\best_model.pt
iteration2,MobileNetV3-Small,brightness_up,seen_in_training,1,4306,0.869019972131909,0.8324774605071302,0.9219717612088184,0.7383367139959433,0.8192258613356018,0.8503755054881571,0.014862981885740867,1.6815554387808769,43,C:\git\fireDetection\checkpoints\iteration2-seed43\best_model.pt
iteration2,MobileNetV3-Small,brightness_up,seen_in_training,1,4306,0.8792382721783558,0.8293276589676704,0.9341614906832298,0.6761565836298933,0.8483290488431876,0.8586635127143702,0.021830004644681766,2.422680412371126,44,C:\git\fireDetection\checkpoints\iteration2-seed44\best_model.pt
iteration2,MobileNetV3-Small,brightness_up,seen_in_training,1,4306,0.8583372039015328,0.799339602604622,0.9275801160736815,0.6129541864139021,0.8305383936451898,0.8262857142857143,0.020204366000928897,2.299762093576522,45,C:\git\fireDetection\checkpoints\iteration2-seed45\best_model.pt
iteration2,MobileNetV3-Small,brightness_up,seen_in_training,1,4306,0.8601950766372504,0.8237461772696131,0.9106145251396648,0.7164179104477612,0.8134171907756813,0.8545350827153452,0.024849047840222904,2.807662030962997,46,C:\git\fireDetection\checkpoints\iteration2-seed46\best_model.pt
iteration3,MobileNetV3-Small robust,brightness_up,seen_in_training,1,4306,0.8792382721783558,0.836837151546321,0.9291259704482845,0.7120622568093385,0.8424216401889223,0.8637387387387387,0.011379470506270306,1.277705345501954,42,C:\git\fireDetection\checkpoints\iteration3-seed42\best_model.pt
iteration3,MobileNetV3-Small robust,brightness_up,seen_in_training,1,4306,0.8820250812819321,0.8434105838876153,0.9307673081729567,0.7349397590361446,0.8427350427350427,0.8652002256063169,0.011611704598235129,1.2993762993763114,43,C:\git\fireDetection\checkpoints\iteration3-seed43\best_model.pt
iteration3,MobileNetV3-Small robust,brightness_up,seen_in_training,1,4306,0.8799349744542498,0.8395815763678406,0.928535732133933,0.7225548902195609,0.8409863945578231,0.8662492885600456,0.0074314909428704334,0.8374771002355427,44,C:\git\fireDetection\checkpoints\iteration3-seed44\best_model.pt
iteration3,MobileNetV3-Small robust,brightness_up,seen_in_training,1,4306,0.8797027403622851,0.8450008438137684,0.9262741217219198,0.7494908350305499,0.830155979202773,0.8740824392998306,0.015791918253599713,1.7634854771784325,45,C:\git\fireDetection\checkpoints\iteration3-seed45\best_model.pt
iteration3,MobileNetV3-Small robust,brightness_up,seen_in_training,1,4306,0.8755225267069205,0.834155525075511,0.9269508850660683,0.7168316831683168,0.8337639965546942,0.859075535512965,0.011147236414305706,1.2572027239392447,46,C:\git\fireDetection\checkpoints\iteration3-seed46\best_model.pt
iteration2,MobileNetV3-Small,brightness_up,seen_in_training,2,4306,0.8360427310729215,0.7960256538387329,0.8903098868666994,0.6790352504638218,0.7644444444444445,0.8503130335799659,0.0582907570831398,6.517787587639573,42,C:\git\fireDetection\checkpoints\iteration2-seed42\best_model.pt
iteration2,MobileNetV3-Small,brightness_up,seen_in_training,2,4306,0.8235020901068277,0.7836531407483729,0.8846525096525096,0.6805293005671077,0.7356115107913669,0.8338192419825073,0.06038086391082209,6.831318970047292,43,C:\git\fireDetection\checkpoints\iteration2-seed43\best_model.pt
iteration2,MobileNetV3-Small,brightness_up,seen_in_training,2,4306,0.8281467719461217,0.778541086384192,0.8927080775840903,0.6268656716417911,0.7632508833922261,0.8313397129186603,0.07292150487691584,8.09278350515463,44,C:\git\fireDetection\checkpoints\iteration2-seed44\best_model.pt
iteration2,MobileNetV3-Small,brightness_up,seen_in_training,2,4306,0.8086391082210869,0.7510034835013104,0.8852459016393442,0.5664233576642336,0.7372330547818013,0.8151116199198626,0.06990246168137482,7.956648162833729,45,C:\git\fireDetection\checkpoints\iteration2-seed45\best_model.pt
iteration2,MobileNetV3-Small,brightness_up,seen_in_training,2,4306,0.8151416627960985,0.7711698315804453,0.8773326698183628,0.6357615894039735,0.7434325744308231,0.8281524926686217,0.06990246168137482,7.898189451587509,46,C:\git\fireDetection\checkpoints\iteration2-seed46\best_model.pt
iteration3,MobileNetV3-Small robust,brightness_up,seen_in_training,2,4306,0.8457965629354389,0.8043102009878995,0.9012833168805529,0.6842105263157895,0.7778270509977827,0.8539199097574732,0.0448211797491872,5.032594524119951,42,C:\git\fireDetection\checkpoints\iteration3-seed42\best_model.pt
iteration3,MobileNetV3-Small robust,brightness_up,seen_in_training,2,4306,0.8478866697631212,0.8059956795133765,0.9036708548903671,0.6854990583804144,0.7845546292233436,0.8502581755593803,0.04575011611704605,5.119542619542627,43,C:\git\fireDetection\checkpoints\iteration3-seed43\best_model.pt
iteration3,MobileNetV3-Small robust,brightness_up,seen_in_training,2,4306,0.8385973060845332,0.7942660222305756,0.8962310327949095,0.6629834254143646,0.7658058771148709,0.8520437535981578,0.048769159312587074,5.4959434702957335,44,C:\git\fireDetection\checkpoints\iteration3-seed44\best_model.pt
iteration3,MobileNetV3-Small robust,brightness_up,seen_in_training,2,4306,0.8511379470506271,0.8189571787786507,0.9003153043900073,0.7353535353535353,0.7747424988804299,0.8654173764906303,0.04435671156525778,4.953319502074689,45,C:\git\fireDetection\checkpoints\iteration3-seed45\best_model.pt
iteration3,MobileNetV3-Small robust,brightness_up,seen_in_training,2,4306,0.8474222015791918,0.8042461528604266,0.9032415305873751,0.6833976833976834,0.7812781278127813,0.8490672696438666,0.03924756154203446,4.426401257202734,46,C:\git\fireDetection\checkpoints\iteration3-seed46\best_model.pt
iteration2,MobileNetV3-Small,brightness_up,seen_in_training,3,4306,0.7772875058058523,0.7262684631603309,0.8556529983408391,0.592948717948718,0.654562828475872,0.801909307875895,0.11704598235020902,13.087509737730462,42,C:\git\fireDetection\checkpoints\iteration2-seed42\best_model.pt
iteration2,MobileNetV3-Small,brightness_up,seen_in_training,3,4306,0.7554575011611705,0.7062166525523822,0.8377567505192707,0.601018675721562,0.592079207920792,0.7940119760479042,0.12842545285647933,14.529689963215974,43,C:\git\fireDetection\checkpoints\iteration2-seed43\best_model.pt
iteration2,MobileNetV3-Small,brightness_up,seen_in_training,3,4306,0.7575476079888528,0.70473242035888,0.8408927285817135,0.5494186046511628,0.6355576294913673,0.7930607187112764,0.1435206688341848,15.927835051546387,44,C:\git\fireDetection\checkpoints\iteration2-seed44\best_model.pt
iteration2,MobileNetV3-Small,brightness_up,seen_in_training,3,4306,0.7366465397120298,0.670503379989291,0.8409479599315905,0.45936395759717313,0.6132930513595166,0.7684085510688836,0.14189503019043193,16.15120274914089,45,C:\git\fireDetection\checkpoints\iteration2-seed45\best_model.pt
iteration2,MobileNetV3-Small,brightness_up,seen_in_training,3,4306,0.7577798420808175,0.7031716975426063,0.843494959193471,0.5469845722300141,0.6362763915547025,0.7859308671922377,0.12726428239665577,14.379427971660975,46,C:\git\fireDetection\checkpoints\iteration2-seed46\best_model.pt
iteration3,MobileNetV3-Small robust,brightness_up,seen_in_training,3,4306,0.7805387830933581,0.7246576738005286,0.8602403959462644,0.580327868852459,0.6578301423662248,0.8002322880371661,0.11007895959126801,12.359843546284225,42,C:\git\fireDetection\checkpoints\iteration3-seed42\best_model.pt
iteration3,MobileNetV3-Small robust,brightness_up,seen_in_training,3,4306,0.7851834649326521,0.7313535072616166,0.8632418484635234,0.5946843853820598,0.6627680311890838,0.8047197640117995,0.10845332094751514,12.13617463617464,43,C:\git\fireDetection\checkpoints\iteration3-seed43\best_model.pt
iteration3,MobileNetV3-Small robust,brightness_up,seen_in_training,3,4306,0.7796098467254993,0.7231986493745848,0.8616308616308617,0.5868852459016394,0.6464445549477872,0.7978339350180506,0.10775661867162101,12.143417953415337,44,C:\git\fireDetection\checkpoints\iteration3-seed44\best_model.pt
iteration3,MobileNetV3-Small robust,brightness_up,seen_in_training,3,4306,0.7854156990246168,0.7417096599023691,0.8563636363636363,0.656934306569343,0.6394763343403826,0.8140643623361145,0.11007895959126801,12.292531120331951,45,C:\git\fireDetection\checkpoints\iteration3-seed45\best_model.pt
iteration3,MobileNetV3-Small robust,brightness_up,seen_in_training,3,4306,0.7761263353460288,0.7201523768828655,0.856078248719143,0.5819397993311036,0.6491835724888669,0.7934078869923484,0.11054342777519743,12.467260345730752,46,C:\git\fireDetection\checkpoints\iteration3-seed46\best_model.pt
iteration2,MobileNetV3-Small,contrast_down,seen_in_training,1,4306,0.8803994426381793,0.8371728029586918,0.9343177189409368,0.7126436781609196,0.8487886382623224,0.8529411764705882,0.013934045517882021,1.55803687353934,42,C:\git\fireDetection\checkpoints\iteration2-seed42\best_model.pt
iteration2,MobileNetV3-Small,contrast_down,seen_in_training,1,4306,0.8722712494194148,0.8343935495510726,0.9219387755102041,0.726530612244898,0.8356164383561644,0.8534883720930233,0.011611704598235018,1.313715186547556,43,C:\git\fireDetection\checkpoints\iteration2-seed43\best_model.pt
iteration2,MobileNetV3-Small,contrast_down,seen_in_training,1,4306,0.8892243381328379,0.836244437555018,0.9449610454888163,0.6763636363636364,0.8716244287494807,0.8520286396181385,0.011843938690199729,1.3144329896907225,44,C:\git\fireDetection\checkpoints\iteration2-seed44\best_model.pt
iteration2,MobileNetV3-Small,contrast_down,seen_in_training,1,4306,0.8646075243845797,0.8059923614730422,0.9314928425357873,0.6209150326797386,0.8452278589853827,0.8263337116912599,0.013934045517882021,1.5860428231562247,45,C:\git\fireDetection\checkpoints\iteration2-seed45\best_model.pt
iteration2,MobileNetV3-Small,contrast_down,seen_in_training,1,4306,0.8655364607524385,0.8274558032022264,0.9173596673596673,0.7145557655954632,0.8290113452188006,0.8488964346349746,0.019507663725034763,2.204145893466274,46,C:\git\fireDetection\checkpoints\iteration2-seed46\best_model.pt
iteration3,MobileNetV3-Small robust,contrast_down,seen_in_training,1,4306,0.8776126335346028,0.8438759269478775,0.9237529077280952,0.745417515274949,0.839516129032258,0.8668171557562077,0.013005109150023286,1.4602346805736706,42,C:\git\fireDetection\checkpoints\iteration3-seed42\best_model.pt
iteration3,MobileNetV3-Small robust,contrast_down,seen_in_training,1,4306,0.8813283790060381,0.8484542860663618,0.9269677419354839,0.7530364372469636,0.84375,0.8700629650829994,0.012308406874129152,1.3773388773388806,43,C:\git\fireDetection\checkpoints\iteration3-seed43\best_model.pt
iteration3,MobileNetV3-Small robust,contrast_down,seen_in_training,1,4306,0.8752902926149558,0.8373443142737962,0.9222851260936696,0.7225548902195609,0.8409272581934453,0.8636099825885084,0.01207617278216444,1.3609002878827554,44,C:\git\fireDetection\checkpoints\iteration3-seed44\best_model.pt
iteration3,MobileNetV3-Small robust,contrast_down,seen_in_training,1,4306,0.8803994426381793,0.8496252388779278,0.926164136866478,0.7647058823529411,0.8399838774687626,0.8676470588235294,0.015095215977705578,1.6856846473029101,45,C:\git\fireDetection\checkpoints\iteration3-seed45\best_model.pt
iteration3,MobileNetV3-Small robust,contrast_down,seen_in_training,1,4306,0.8741291221551324,0.8341615235925149,0.9224447868515665,0.7137096774193549,0.8392857142857143,0.8612059158134243,0.012540640966093863,1.4143530644316442,46,C:\git\fireDetection\checkpoints\iteration3-seed46\best_model.pt
iteration2,MobileNetV3-Small,contrast_down,seen_in_training,2,4306,0.8660009289363678,0.8266623934430247,0.9193631227529533,0.713472485768501,0.8284415047540306,0.845372460496614,0.028332559219693465,3.168008309529994,42,C:\git\fireDetection\checkpoints\iteration2-seed42\best_model.pt
iteration2,MobileNetV3-Small,contrast_down,seen_in_training,2,4306,0.8522991175104505,0.8208744306929359,0.8997656860192658,0.7280163599182005,0.8075117370892019,0.8482039397450754,0.031583836507199314,3.57330530740936,43,C:\git\fireDetection\checkpoints\iteration2-seed43\best_model.pt
iteration2,MobileNetV3-Small,contrast_down,seen_in_training,2,4306,0.8718067812354854,0.8224107119051881,0.9303393722888492,0.6749116607773852,0.8477905073649754,0.8366013071895425,0.0292614955875522,3.2474226804123654,44,C:\git\fireDetection\checkpoints\iteration2-seed44\best_model.pt
iteration2,MobileNetV3-Small,contrast_down,seen_in_training,2,4306,0.8495123084068741,0.7914819047456804,0.9167746953590874,0.6012658227848101,0.828936170212766,0.8189509306260575,0.0290292614955876,3.3042558815754743,45,C:\git\fireDetection\checkpoints\iteration2-seed45\best_model.pt
iteration2,MobileNetV3-Small,contrast_down,seen_in_training,2,4306,0.8409196470041802,0.8035338671235395,0.8942872397223706,0.6861313868613139,0.8023575638506876,0.8313592780597857,0.04412447747329307,4.985568092364207,46,C:\git\fireDetection\checkpoints\iteration2-seed46\best_model.pt
iteration3,MobileNetV3-Small robust,contrast_down,seen_in_training,2,4306,0.8553181607059916,0.8300642169704037,0.8946110963631537,0.7479674796747967,0.8109356950327301,0.8667425968109339,0.035299581978634476,3.9634941329856597,42,C:\git\fireDetection\checkpoints\iteration3-seed42\best_model.pt
iteration3,MobileNetV3-Small robust,contrast_down,seen_in_training,2,4306,0.8555503947979564,0.8277171046996789,0.8983275816299443,0.7393939393939394,0.8125478194338179,0.8605990783410138,0.0380863910822109,4.261954261954266,43,C:\git\fireDetection\checkpoints\iteration3-seed43\best_model.pt
iteration3,MobileNetV3-Small robust,contrast_down,seen_in_training,2,4306,0.8490478402229448,0.8153312501991,0.8941363756964712,0.7024952015355086,0.8095781071835804,0.8551153163808397,0.0383186251741755,4.318241298089498,44,C:\git\fireDetection\checkpoints\iteration3-seed44\best_model.pt
iteration3,MobileNetV3-Small robust,contrast_down,seen_in_training,2,4306,0.8606595448211798,0.8391490749109571,0.9002638522427441,0.773109243697479,0.8124042879019908,0.8708189158016147,0.03483511379470505,3.8900414937759322,45,C:\git\fireDetection\checkpoints\iteration3-seed45\best_model.pt
iteration3,MobileNetV3-Small robust,contrast_down,seen_in_training,2,4306,0.8504412447747329,0.8154880194288294,0.8966061562746646,0.7023809523809523,0.8091366627951994,0.8538283062645011,0.03622851834649332,4.085908852802521,46,C:\git\fireDetection\checkpoints\iteration3-seed46\best_model.pt
iteration2,MobileNetV3-Small,contrast_down,seen_in_training,3,4306,0.8388295401764979,0.7960115667653598,0.8987012987012987,0.6678765880217786,0.7956292998785917,0.8218390804597702,0.05550394797956337,6.206180212931703,42,C:\git\fireDetection\checkpoints\iteration2-seed42\best_model.pt
iteration2,MobileNetV3-Small,contrast_down,seen_in_training,3,4306,0.8211797491871807,0.7889810956183846,0.8673740053050398,0.6766917293233082,0.7711766960521272,0.8406819517930629,0.0627032048304691,7.094062007356802,43,C:\git\fireDetection\checkpoints\iteration2-seed43\best_model.pt
iteration2,MobileNetV3-Small,contrast_down,seen_in_training,3,4306,0.8311658151416628,0.774357772607027,0.9023255813953488,0.592823712948518,0.8017981201471189,0.8004836759371221,0.06990246168137482,7.757731958762886,44,C:\git\fireDetection\checkpoints\iteration2-seed44\best_model.pt
iteration2,MobileNetV3-Small,contrast_down,seen_in_training,3,4306,0.8086391082210869,0.7441459321249836,0.8898282694848084,0.516914749661705,0.7932203389830509,0.7766203703703703,0.06990246168137482,7.956648162833729,45,C:\git\fireDetection\checkpoints\iteration2-seed45\best_model.pt
iteration2,MobileNetV3-Small,contrast_down,seen_in_training,3,4306,0.795401764979099,0.7612393024717957,0.8443330548593706,0.6331658291457286,0.7542087542087542,0.8132495716733296,0.08964235949837429,10.128575177118858,46,C:\git\fireDetection\checkpoints\iteration2-seed46\best_model.pt
iteration3,MobileNetV3-Small robust,contrast_down,seen_in_training,3,4306,0.8241987923827218,0.7908247867039961,0.8715912099549907,0.6779661016949152,0.7783288821060664,0.8354129530600118,0.06641895030190437,7.457627118644073,42,C:\git\fireDetection\checkpoints\iteration3-seed42\best_model.pt
iteration3,MobileNetV3-Small robust,contrast_down,seen_in_training,3,4306,0.8295401764979099,0.789503943241741,0.8847352024922118,0.6666666666666666,0.7888198757763976,0.817794028031688,0.06409660938225736,7.172557172557177,43,C:\git\fireDetection\checkpoints\iteration3-seed43\best_model.pt
iteration3,MobileNetV3-Small robust,contrast_down,seen_in_training,3,4306,0.819321876451463,0.7726217274584979,0.8790575916230366,0.6276595744680851,0.7880844645550528,0.7956852791878173,0.06804458894565724,7.668149699031669,44,C:\git\fireDetection\checkpoints\iteration3-seed44\best_model.pt
iteration3,MobileNetV3-Small robust,contrast_down,seen_in_training,3,4306,0.8341848583372039,0.803726940352735,0.8826120756672713,0.7154471544715447,0.7889697433933359,0.8278787878787879,0.06130980027868094,6.8464730290456455,45,C:\git\fireDetection\checkpoints\iteration3-seed45\best_model.pt
iteration3,MobileNetV3-Small robust,contrast_down,seen_in_training,3,4306,0.8258244310264747,0.7816241295913781,0.8798151001540832,0.6408839779005525,0.7877838684416602,0.8180135718692165,0.060845332094751514,6.862231534834992,46,C:\git\fireDetection\checkpoints\iteration3-seed46\best_model.pt
iteration2,MobileNetV3-Small,defocus_blur,unseen_in_training,1,4306,0.885276358569438,0.8387559208352553,0.9389600602863603,0.7009174311926606,0.8575052854122621,0.8576409064497386,0.009057129586623303,1.0127239678005697,42,C:\git\fireDetection\checkpoints\iteration2-seed42\best_model.pt
iteration2,MobileNetV3-Small,defocus_blur,unseen_in_training,1,4306,0.873664653971203,0.8322269087935793,0.9254627313656828,0.7151277013752456,0.8365304420350292,0.8517867603983597,0.01021830004644686,1.1560693641618545,43,C:\git\fireDetection\checkpoints\iteration2-seed43\best_model.pt
iteration2,MobileNetV3-Small,defocus_blur,unseen_in_training,1,4306,0.8889921040408733,0.8346437896299403,0.946312092323131,0.6689655172413793,0.8751047778709137,0.8481927710843373,0.01207617278216433,1.3402061855670002,44,C:\git\fireDetection\checkpoints\iteration2-seed44\best_model.pt
iteration2,MobileNetV3-Small,defocus_blur,unseen_in_training,1,4306,0.8604273107292151,0.7964545561965863,0.9338758901322483,0.5921450151057401,0.8477048477048477,0.8120924718435092,0.018114259173246605,2.0618556701030895,45,C:\git\fireDetection\checkpoints\iteration2-seed45\best_model.pt
iteration2,MobileNetV3-Small,defocus_blur,unseen_in_training,1,4306,0.8676265675801208,0.8173841823198297,0.9266428935303107,0.6643598615916955,0.8423219431864964,0.836212030970816,0.01741755689735247,1.9679874048806019,46,C:\git\fireDetection\checkpoints\iteration2-seed46\best_model.pt
iteration3,MobileNetV3-Small robust,defocus_blur,unseen_in_training,1,4306,0.8824895494658616,0.846838533415301,0.9298201165442108,0.7465069860279441,0.8456096545984186,0.8654173764906303,0.008128193218764568,0.9126466753585457,42,C:\git\fireDetection\checkpoints\iteration3-seed42\best_model.pt
iteration3,MobileNetV3-Small robust,defocus_blur,unseen_in_training,1,4306,0.8869019972131909,0.849195185596937,0.9345794392523364,0.7414829659318637,0.8514522821576763,0.8692660550458715,0.00673478866697641,0.7536382536382645,43,C:\git\fireDetection\checkpoints\iteration3-seed43\best_model.pt
iteration3,MobileNetV3-Small robust,defocus_blur,unseen_in_training,1,4306,0.8790060380863911,0.8394770209700849,0.9271018542037084,0.7218934911242604,0.8442991418062934,0.8646135967460779,0.008360427310729168,0.9421617377649777,44,C:\git\fireDetection\checkpoints\iteration3-seed44\best_model.pt
iteration3,MobileNetV3-Small robust,defocus_blur,unseen_in_training,1,4306,0.8915466790524849,0.8597707991060086,0.9368104312938816,0.7756813417190775,0.8503144654088051,0.8762769580022701,0.003947979563399984,0.44087136929461435,45,C:\git\fireDetection\checkpoints\iteration3-seed45\best_model.pt
iteration3,MobileNetV3-Small robust,defocus_blur,unseen_in_training,1,4306,0.8776126335346028,0.8364567543608181,0.9271255060728745,0.71484375,0.8431127756970453,0.8607449856733524,0.009057129586623414,1.0214772132006396,46,C:\git\fireDetection\checkpoints\iteration3-seed46\best_model.pt
iteration2,MobileNetV3-Small,defocus_blur,unseen_in_training,2,4306,0.8346493265211333,0.7692961410634145,0.9113675423520746,0.5692307692307692,0.8005295675198588,0.7960566851509551,0.05968416163492796,6.673591274993503,42,C:\git\fireDetection\checkpoints\iteration2-seed42\best_model.pt
iteration2,MobileNetV3-Small,defocus_blur,unseen_in_training,2,4306,0.8362749651648862,0.7847610270120589,0.8994111874386653,0.6355475763016158,0.7879310344827586,0.8161543098251959,0.04760798885276363,5.3862322648449865,43,C:\git\fireDetection\checkpoints\iteration2-seed43\best_model.pt
iteration2,MobileNetV3-Small,defocus_blur,unseen_in_training,2,4306,0.8411518810961449,0.7788366225548162,0.9143564356435644,0.5868263473053892,0.8166953528399311,0.7974683544303798,0.05991639572689267,6.64948453608247,44,C:\git\fireDetection\checkpoints\iteration2-seed44\best_model.pt
iteration2,MobileNetV3-Small,defocus_blur,unseen_in_training,2,4306,0.810032512772875,0.7366869783921561,0.9031931069437404,0.4913151364764268,0.8038360941586749,0.7484035759897829,0.06850905712958666,7.798043880518111,45,C:\git\fireDetection\checkpoints\iteration2-seed45\best_model.pt
iteration2,MobileNetV3-Small,defocus_blur,unseen_in_training,2,4306,0.8074779377612633,0.7470280270930945,0.8847788052986754,0.5596465390279823,0.7707275803722504,0.7729591836734694,0.07756618671620996,8.764103909734981,46,C:\git\fireDetection\checkpoints\iteration2-seed46\best_model.pt
iteration3,MobileNetV3-Small robust,defocus_blur,unseen_in_training,2,4306,0.8646075243845797,0.827756997121952,0.913937547600914,0.7196969696969697,0.8233830845771144,0.8540103866128101,0.02601021830004646,2.9204693611473287,42,C:\git\fireDetection\checkpoints\iteration3-seed42\best_model.pt
iteration3,MobileNetV3-Small robust,defocus_blur,unseen_in_training,2,4306,0.8697166744078031,0.8306286685055515,0.920523138832998,0.7181467181467182,0.8280201342281879,0.8558246828143022,0.02392011147236417,2.6767151767151796,43,C:\git\fireDetection\checkpoints\iteration3-seed43\best_model.pt
iteration3,MobileNetV3-Small robust,defocus_blur,unseen_in_training,2,4306,0.8660009289363678,0.8287151694357057,0.9129880071446798,0.7129455909943715,0.8269387755102041,0.8619883040935673,0.021365536460752454,2.4077466631771807,44,C:\git\fireDetection\checkpoints\iteration3-seed44\best_model.pt
iteration3,MobileNetV3-Small robust,defocus_blur,unseen_in_training,2,4306,0.8738968880631677,0.8382245939901665,0.9205479452054794,0.7381443298969073,0.8291859974694222,0.8650201033888569,0.021597770552717166,2.411825726141082,45,C:\git\fireDetection\checkpoints\iteration3-seed45\best_model.pt
iteration3,MobileNetV3-Small robust,defocus_blur,unseen_in_training,2,4306,0.8562470970738505,0.8167427940148867,0.9062738125476251,0.6961538461538461,0.8104956268221575,0.8540478905359179,0.030422666047375757,3.431115767417496,46,C:\git\fireDetection\checkpoints\iteration3-seed46\best_model.pt
iteration2,MobileNetV3-Small,defocus_blur,unseen_in_training,3,4306,0.7568509057129587,0.6760040976061568,0.8701267639320737,0.43771827706635624,0.7133458646616542,0.682825484764543,0.13748258244310263,15.372630485588157,42,C:\git\fireDetection\checkpoints\iteration2-seed42\best_model.pt
iteration2,MobileNetV3-Small,defocus_blur,unseen_in_training,3,4306,0.7738039944263818,0.7101382628927125,0.860614724803431,0.5357686453576864,0.7009090909090909,0.7432605905006419,0.11007895959126801,12.454019968470837,43,C:\git\fireDetection\checkpoints\iteration2-seed43\best_model.pt
iteration2,MobileNetV3-Small,defocus_blur,unseen_in_training,3,4306,0.7512772875058058,0.6743475500920135,0.8608383233532935,0.4580335731414868,0.7034482758620689,0.6750700280112045,0.14979098931723178,16.62371134020619,44,C:\git\fireDetection\checkpoints\iteration2-seed44\best_model.pt
iteration2,MobileNetV3-Small,defocus_blur,unseen_in_training,3,4306,0.717835578262889,0.6415660082002151,0.845213849287169,0.388560157790927,0.6932270916334662,0.6392629340892984,0.16070599163957267,18.292360560401793,45,C:\git\fireDetection\checkpoints\iteration2-seed45\best_model.pt
iteration2,MobileNetV3-Small,defocus_blur,unseen_in_training,3,4306,0.7227124941941477,0.639947413124815,0.8450024142926122,0.42725173210161665,0.6814749000444247,0.6060606060606061,0.16233163028332553,18.34164261348727,46,C:\git\fireDetection\checkpoints\iteration2-seed46\best_model.pt
iteration3,MobileNetV3-Small robust,defocus_blur,unseen_in_training,3,4306,0.834881560613098,0.7898922368274883,0.8920282542885973,0.6532846715328468,0.7887090078870901,0.8255470136014192,0.055736182071528084,6.258148631029985,42,C:\git\fireDetection\checkpoints\iteration3-seed42\best_model.pt
iteration3,MobileNetV3-Small robust,defocus_blur,unseen_in_training,3,4306,0.8369716674407803,0.7906361504567663,0.8952761809547614,0.6544117647058824,0.7929883138564274,0.8198683423099941,0.05666511843938693,6.340956340956343,43,C:\git\fireDetection\checkpoints\iteration3-seed43\best_model.pt
iteration3,MobileNetV3-Small robust,defocus_blur,unseen_in_training,3,4306,0.830236878773804,0.7870417878395686,0.8867494299467951,0.6550522648083623,0.7885714285714286,0.817794028031688,0.05712958662331624,6.438105208060711,44,C:\git\fireDetection\checkpoints\iteration3-seed44\best_model.pt
iteration3,MobileNetV3-Small robust,defocus_blur,unseen_in_training,3,4306,0.8453320947515095,0.8022008028990864,0.900417998524711,0.6828282828282828,0.7950784896054306,0.8304784406379209,0.05016256386437534,5.60165975103735,45,C:\git\fireDetection\checkpoints\iteration3-seed45\best_model.pt
iteration3,MobileNetV3-Small robust,defocus_blur,unseen_in_training,3,4306,0.8283790060380863,0.7784018426947923,0.8896185905531699,0.6261510128913443,0.7817725752508361,0.8160651920838184,0.05829075708313991,6.574122577265595,46,C:\git\fireDetection\checkpoints\iteration3-seed46\best_model.pt
iteration2,MobileNetV3-Small,fog,seen_in_training,1,4306,0.8845796562935438,0.8444120116882623,0.9333333333333333,0.7283950617283951,0.8467400508044031,0.8691796008869179,0.009753831862517437,1.0906258114775405,42,C:\git\fireDetection\checkpoints\iteration2-seed42\best_model.pt
iteration2,MobileNetV3-Small,fog,seen_in_training,1,4306,0.8773803994426381,0.8400267960286069,0.9229603435210911,0.7306889352818372,0.8396381578947368,0.8668197474167624,0.006502554575011699,0.7356805044666415,43,C:\git\fireDetection\checkpoints\iteration2-seed43\best_model.pt
iteration2,MobileNetV3-Small,fog,seen_in_training,1,4306,0.8896888063167673,0.8374720887121956,0.9424712356178089,0.6750448833034112,0.8718381112984823,0.8605341246290801,0.011379470506270306,1.2628865979381427,44,C:\git\fireDetection\checkpoints\iteration2-seed44\best_model.pt
iteration2,MobileNetV3-Small,fog,seen_in_training,1,4306,0.8685555039479795,0.8117926804574053,0.9322810590631364,0.6324503311258278,0.8483535528596187,0.8340857787810384,0.009986065954482148,1.136664023261965,45,C:\git\fireDetection\checkpoints\iteration2-seed45\best_model.pt
iteration2,MobileNetV3-Small,fog,seen_in_training,1,4306,0.8660009289363678,0.8238626736928693,0.9193506828137078,0.6961325966850829,0.831275720164609,0.8486916951080774,0.01904319554110545,2.151666229336134,46,C:\git\fireDetection\checkpoints\iteration2-seed46\best_model.pt
iteration3,MobileNetV3-Small robust,fog,seen_in_training,1,4306,0.8820250812819321,0.845217558265584,0.9291177970423253,0.7385229540918163,0.8466003316749585,0.8666291502532358,0.00859266140269399,0.9647979139504648,42,C:\git\fireDetection\checkpoints\iteration3-seed42\best_model.pt
iteration3,MobileNetV3-Small robust,fog,seen_in_training,1,4306,0.8843474222015791,0.846839203986603,0.932484076433121,0.7389558232931727,0.8487603305785124,0.8671565856416055,0.009289363678588125,1.0395010395010515,43,C:\git\fireDetection\checkpoints\iteration3-seed43\best_model.pt
iteration3,MobileNetV3-Small robust,fog,seen_in_training,1,4306,0.8803994426381793,0.8446704503397807,0.9256240448293428,0.7379032258064516,0.840937114673243,0.8742174160500854,0.0069670227589410105,0.7851347814708189,44,C:\git\fireDetection\checkpoints\iteration3-seed44\best_model.pt
iteration3,MobileNetV3-Small robust,fog,seen_in_training,1,4306,0.8859730608453321,0.8544489457614268,0.9306329113924051,0.7682672233820459,0.8451639684516397,0.8737316798196166,0.009521597770552725,1.063278008298756,45,C:\git\fireDetection\checkpoints\iteration3-seed45\best_model.pt
iteration3,MobileNetV3-Small robust,fog,seen_in_training,1,4306,0.8792382721783558,0.8413087112036381,0.9272127821455745,0.7312252964426877,0.8428511879949979,0.8639455782312925,0.0074314909428704334,0.8381351492928257,46,C:\git\fireDetection\checkpoints\iteration3-seed46\best_model.pt
iteration2,MobileNetV3-Small,fog,seen_in_training,2,4306,0.8495123084068741,0.783054216139081,0.9131414267834793,0.5823293172690763,0.8279835390946502,0.8087625814091178,0.0448211797491872,5.011685276551548,42,C:\git\fireDetection\checkpoints\iteration2-seed42\best_model.pt
iteration2,MobileNetV3-Small,fog,seen_in_training,2,4306,0.8423130515559684,0.7833965120976519,0.9061635220125787,0.6115384615384616,0.8168674698795181,0.7990165949600492,0.04156990246168146,4.703100367840261,43,C:\git\fireDetection\checkpoints\iteration2-seed43\best_model.pt
iteration2,MobileNetV3-Small,fog,seen_in_training,2,4306,0.8592661402693915,0.7947983811536973,0.9278713244533803,0.6006600660066007,0.8504132231404958,0.8002489110143124,0.04180213655364606,4.639175257731957,44,C:\git\fireDetection\checkpoints\iteration2-seed44\best_model.pt
iteration2,MobileNetV3-Small,fog,seen_in_training,2,4306,0.8478866697631212,0.7790366954280243,0.9222955815134586,0.5574803149606299,0.8370689655172414,0.7993019197207679,0.03065490013934047,3.489294210943697,45,C:\git\fireDetection\checkpoints\iteration2-seed45\best_model.pt
iteration2,MobileNetV3-Small,fog,seen_in_training,2,4306,0.8339526242452392,0.7697784460579301,0.8983792127604837,0.5641952983725136,0.8155885897950984,0.8009506833036245,0.05109150023223408,5.772763054316451,46,C:\git\fireDetection\checkpoints\iteration2-seed46\best_model.pt
iteration3,MobileNetV3-Small robust,fog,seen_in_training,2,4306,0.8683232698560148,0.8297387833620684,0.9142264835449598,0.7074569789674953,0.8350848827809216,0.8621867881548975,0.0222944728286113,2.5032594524120015,42,C:\git\fireDetection\checkpoints\iteration3-seed42\best_model.pt
iteration3,MobileNetV3-Small robust,fog,seen_in_training,2,4306,0.8678588016720855,0.8247244248141586,0.9157376199118485,0.6871401151631478,0.8395358143257303,0.8564841498559078,0.02577798420808175,2.884615384615385,43,C:\git\fireDetection\checkpoints\iteration3-seed43\best_model.pt
iteration3,MobileNetV3-Small robust,fog,seen_in_training,2,4306,0.8627496516488621,0.8185516510287826,0.9137396694214877,0.6778398510242085,0.8309915696507427,0.8516355140186916,0.024616813748258193,2.774142894530222,44,C:\git\fireDetection\checkpoints\iteration3-seed44\best_model.pt
iteration3,MobileNetV3-Small robust,fog,seen_in_training,2,4306,0.8680910357640501,0.8283799174555452,0.916923076923077,0.7091633466135459,0.8329297820823245,0.8545034642032333,0.02740362285183473,3.0601659751037436,45,C:\git\fireDetection\checkpoints\iteration3-seed45\best_model.pt
iteration3,MobileNetV3-Small robust,fog,seen_in_training,2,4306,0.8622851834649327,0.8188969099726573,0.9119010819165378,0.6813186813186813,0.8336722244814966,0.8486956521739131,0.024384579656293592,2.750130958617082,46,C:\git\fireDetection\checkpoints\iteration3-seed46\best_model.pt
iteration2,MobileNetV3-Small,fog,seen_in_training,3,4306,0.8251277287505806,0.7373507615376824,0.8924144769459593,0.4700665188470067,0.8153171120861588,0.7716049382716049,0.06920575940548068,7.7382498052453865,42,C:\git\fireDetection\checkpoints\iteration2-seed42\best_model.pt
iteration2,MobileNetV3-Small,fog,seen_in_training,3,4306,0.810032512772875,0.7257913377294086,0.879560219890055,0.47297297297297297,0.790912591451675,0.7597195666029318,0.0738504412447748,8.355228586442466,43,C:\git\fireDetection\checkpoints\iteration2-seed43\best_model.pt
iteration2,MobileNetV3-Small,fog,seen_in_training,3,4306,0.8334881560613098,0.765270951315746,0.9067604925860769,0.5704225352112676,0.8210272873194222,0.7628734901462174,0.06758012076172781,7.499999999999999,44,C:\git\fireDetection\checkpoints\iteration2-seed44\best_model.pt
iteration2,MobileNetV3-Small,fog,seen_in_training,3,4306,0.8369716674407803,0.7626733678168288,0.9118754707506904,0.527363184079602,0.8273504273504273,0.7841043890865955,0.04156990246168135,4.731694422416069,45,C:\git\fireDetection\checkpoints\iteration2-seed45\best_model.pt
iteration2,MobileNetV3-Small,fog,seen_in_training,3,4306,0.7900603808639108,0.7160742951157228,0.8515159367711842,0.47107438016528924,0.7701019252548131,0.7716049382716049,0.09498374361356243,10.732091314615582,46,C:\git\fireDetection\checkpoints\iteration2-seed46\best_model.pt
iteration3,MobileNetV3-Small robust,fog,seen_in_training,3,4306,0.8388295401764979,0.7853327224317523,0.8911725955204216,0.601113172541744,0.8135725429017161,0.8354725787631272,0.05178820250812821,5.814863102998698,42,C:\git\fireDetection\checkpoints\iteration3-seed42\best_model.pt
iteration3,MobileNetV3-Small robust,fog,seen_in_training,3,4306,0.8307013469577333,0.7714410171176549,0.8920634920634921,0.5750452079566004,0.810272134917593,0.8083832335329342,0.06293543892243392,7.042619542619554,43,C:\git\fireDetection\checkpoints\iteration3-seed43\best_model.pt
iteration3,MobileNetV3-Small robust,fog,seen_in_training,3,4306,0.8272178355782629,0.7707532899674139,0.8889475072540227,0.5824561403508772,0.8022900763358779,0.809319435928878,0.06014862981885738,6.778330280031402,44,C:\git\fireDetection\checkpoints\iteration3-seed44\best_model.pt
iteration3,MobileNetV3-Small robust,fog,seen_in_training,3,4306,0.8341848583372039,0.7711749993012261,0.8975887995851698,0.5737051792828686,0.81003861003861,0.8033674082982561,0.06130980027868094,6.8464730290456455,45,C:\git\fireDetection\checkpoints\iteration3-seed45\best_model.pt
iteration3,MobileNetV3-Small robust,fog,seen_in_training,3,4306,0.8300046446818393,0.7725361035063281,0.8911511354737667,0.5861456483126111,0.809244026635331,0.8036036036036036,0.05666511843938693,6.3907805133577815,46,C:\git\fireDetection\checkpoints\iteration3-seed46\best_model.pt
iteration2,MobileNetV3-Small,gaussian_noise,unseen_in_training,1,4306,0.8720390153274501,0.8231268060807008,0.9316801619433198,0.6795096322241682,0.8445945945945946,0.8367228355607205,0.02229447282861119,2.492858997662939,42,C:\git\fireDetection\checkpoints\iteration2-seed42\best_model.pt
iteration2,MobileNetV3-Small,gaussian_noise,unseen_in_training,1,4306,0.8671620993961914,0.8209426297281773,0.9213653603034134,0.680073126142596,0.8339544513457557,0.848377581120944,0.016720854621458447,1.8917498686284833,43,C:\git\fireDetection\checkpoints\iteration2-seed43\best_model.pt
iteration2,MobileNetV3-Small,gaussian_noise,unseen_in_training,1,4306,0.8687877380399442,0.8025289892720934,0.9397225725094578,0.593607305936073,0.8664412510566357,0.8103448275862069,0.03228053878309334,3.5824742268041216,44,C:\git\fireDetection\checkpoints\iteration2-seed44\best_model.pt
iteration2,MobileNetV3-Small,gaussian_noise,unseen_in_training,1,4306,0.8376683697166744,0.7658705181025758,0.9242306697698475,0.5228758169934641,0.8446559930765902,0.7717195925704015,0.04087320018578733,4.652392281258267,45,C:\git\fireDetection\checkpoints\iteration2-seed45\best_model.pt
iteration2,MobileNetV3-Small,gaussian_noise,unseen_in_training,1,4306,0.8608917789131445,0.8103699200784685,0.922918277906677,0.6554621848739496,0.8360315483603155,0.8270676691729323,0.02415234556432877,2.728942534767769,46,C:\git\fireDetection\checkpoints\iteration2-seed46\best_model.pt
iteration3,MobileNetV3-Small robust,gaussian_noise,unseen_in_training,1,4306,0.8810961449140734,0.842987483913394,0.9284064665127021,0.7290076335877863,0.850225687320476,0.8643101482326112,0.009521597770552725,1.0691003911342905,42,C:\git\fireDetection\checkpoints\iteration3-seed42\best_model.pt
iteration3,MobileNetV3-Small robust,gaussian_noise,unseen_in_training,1,4306,0.8834184858337204,0.8405076129912904,0.9335717935615738,0.7112810707456979,0.8547922665569725,0.8623853211009175,0.01021830004644686,1.143451143451148,43,C:\git\fireDetection\checkpoints\iteration3-seed43\best_model.pt
iteration3,MobileNetV3-Small robust,gaussian_noise,unseen_in_training,1,4306,0.8792382721783558,0.8405404277802256,0.9259923175416133,0.72265625,0.8456539398862714,0.8678592036930178,0.008128193218764457,0.9159905783826159,44,C:\git\fireDetection\checkpoints\iteration3-seed44\best_model.pt
iteration3,MobileNetV3-Small robust,gaussian_noise,unseen_in_training,1,4306,0.882954017649791,0.8446028721805721,0.9289533995416348,0.7305389221556886,0.8502894954507858,0.8686296715741789,0.012540640966093863,1.4004149377593407,45,C:\git\fireDetection\checkpoints\iteration3-seed45\best_model.pt
iteration3,MobileNetV3-Small robust,gaussian_noise,unseen_in_training,1,4306,0.8745935903390618,0.8348037313280541,0.9214230867673406,0.7121212121212122,0.8436213991769548,0.8620492272467086,0.01207617278216444,1.3619696176008402,46,C:\git\fireDetection\checkpoints\iteration3-seed46\best_model.pt
iteration2,MobileNetV3-Small,gaussian_noise,unseen_in_training,2,4306,0.8269856014862982,0.763936225774292,0.9032258064516129,0.5648414985590778,0.808037622915776,0.7796399751707014,0.0673478866697631,7.530511555440144,42,C:\git\fireDetection\checkpoints\iteration2-seed42\best_model.pt
iteration2,MobileNetV3-Small,gaussian_noise,unseen_in_training,2,4306,0.820947515095216,0.7633226355600202,0.8953517275664926,0.5923664122137404,0.7835051546391752,0.7820672478206725,0.0629354389224338,7.1203363110877556,43,C:\git\fireDetection\checkpoints\iteration2-seed43\best_model.pt
iteration2,MobileNetV3-Small,gaussian_noise,unseen_in_training,2,4306,0.8132837900603809,0.7340101767925455,0.9115133232780291,0.47990255785627284,0.8200258955545965,0.7245989304812834,0.08778448676265671,9.742268041237109,44,C:\git\fireDetection\checkpoints\iteration2-seed44\best_model.pt
iteration2,MobileNetV3-Small,gaussian_noise,unseen_in_training,2,4306,0.7749651648862053,0.6953739421443994,0.8954128440366973,0.4092741935483871,0.7971718957136544,0.6796368352788587,0.10357640501625642,11.789584985461278,45,C:\git\fireDetection\checkpoints\iteration2-seed45\best_model.pt
iteration2,MobileNetV3-Small,gaussian_noise,unseen_in_training,2,4306,0.8037621922898281,0.7390911564683713,0.8885976408912188,0.5208333333333334,0.7927332782824112,0.7542003733665215,0.08128193218764512,9.183941222776172,46,C:\git\fireDetection\checkpoints\iteration2-seed46\best_model.pt
iteration3,MobileNetV3-Small robust,gaussian_noise,unseen_in_training,2,4306,0.8379006038086391,0.7845533906710243,0.9025084044478924,0.6131621187800963,0.8111888111888111,0.8113542282672974,0.05271713887598706,5.919165580182536,42,C:\git\fireDetection\checkpoints\iteration3-seed42\best_model.pt
iteration3,MobileNetV3-Small robust,gaussian_noise,unseen_in_training,2,4306,0.8420808174640038,0.7898660633110126,0.9066874027993779,0.6220095693779905,0.814000814000814,0.8167664670658683,0.0515559684161635,5.76923076923077,43,C:\git\fireDetection\checkpoints\iteration3-seed43\best_model.pt
iteration3,MobileNetV3-Small robust,gaussian_noise,unseen_in_training,2,4306,0.8432419879238272,0.7928390776968975,0.9045771916214119,0.6305418719211823,0.8135593220338984,0.8226779252110977,0.04412447747329307,4.972520282648519,44,C:\git\fireDetection\checkpoints\iteration3-seed44\best_model.pt
iteration3,MobileNetV3-Small robust,gaussian_noise,unseen_in_training,2,4306,0.8478866697631212,0.7983691011456535,0.9062019477191184,0.6395939086294417,0.8167281672816729,0.830952380952381,0.04760798885276363,5.31639004149378,45,C:\git\fireDetection\checkpoints\iteration3-seed45\best_model.pt
iteration3,MobileNetV3-Small robust,gaussian_noise,unseen_in_training,2,4306,0.8344170924291686,0.7829257781756213,0.8979274611398964,0.6134585289514867,0.8047482603356528,0.8155688622754491,0.052252670692057634,5.893137768465169,46,C:\git\fireDetection\checkpoints\iteration3-seed46\best_model.pt
iteration2,MobileNetV3-Small,gaussian_noise,unseen_in_training,3,4306,0.7515095215977705,0.6800615541253845,0.8546712802768166,0.46383467278989665,0.7258207630878438,0.6759195003469812,0.14282396655829077,15.96987795377824,42,C:\git\fireDetection\checkpoints\iteration2-seed42\best_model.pt
iteration2,MobileNetV3-Small,gaussian_noise,unseen_in_training,3,4306,0.7447747329307942,0.6735882852052669,0.8502673796791443,0.45642201834862384,0.6970260223048327,0.6906377204884667,0.1391082210868556,15.738307934839733,43,C:\git\fireDetection\checkpoints\iteration2-seed43\best_model.pt
iteration2,MobileNetV3-Small,gaussian_noise,unseen_in_training,3,4306,0.7229447282861124,0.636457414587128,0.8633524856357732,0.3713235294117647,0.7222982216142271,0.588855421686747,0.17812354853692514,19.768041237113394,44,C:\git\fireDetection\checkpoints\iteration2-seed44\best_model.pt
iteration2,MobileNetV3-Small,gaussian_noise,unseen_in_training,3,4306,0.683000464468184,0.6090330352573274,0.838865096359743,0.31054977711738485,0.7161290322580646,0.5705882352941176,0.19554110543427772,22.257467618292356,45,C:\git\fireDetection\checkpoints\iteration2-seed45\best_model.pt
iteration2,MobileNetV3-Small,gaussian_noise,unseen_in_training,3,4306,0.692289828146772,0.6245802121537021,0.8118179398456216,0.3837429111531191,0.6841885690446391,0.6185714285714285,0.1927542963307013,21.779060614012064,46,C:\git\fireDetection\checkpoints\iteration2-seed46\best_model.pt
iteration3,MobileNetV3-Small robust,gaussian_noise,unseen_in_training,3,4306,0.7842545285647933,0.7236248766355534,0.8633168445717261,0.5076923076923077,0.7640918580375783,0.7593984962406015,0.10636321411983285,11.942633637548898,42,C:\git\fireDetection\checkpoints\iteration3-seed42\best_model.pt
iteration3,MobileNetV3-Small robust,gaussian_noise,unseen_in_training,3,4306,0.786809103576405,0.7244115583257983,0.8713435154025369,0.5178571428571429,0.7694845360824742,0.7389610389610389,0.10682768230376227,11.954261954261963,43,C:\git\fireDetection\checkpoints\iteration3-seed43\best_model.pt
iteration3,MobileNetV3-Small robust,gaussian_noise,unseen_in_training,3,4306,0.7926149558755226,0.7320458934419517,0.871076523994812,0.5210526315789473,0.7705592105263158,0.7654952076677316,0.09475150952159772,10.677833028003135,44,C:\git\fireDetection\checkpoints\iteration3-seed44\best_model.pt
iteration3,MobileNetV3-Small robust,gaussian_noise,unseen_in_training,3,4306,0.7986530422666047,0.7378075953749547,0.8757276638825614,0.5379310344827586,0.7714528462192014,0.7661188369152971,0.09684161634928012,10.8143153526971,45,C:\git\fireDetection\checkpoints\iteration3-seed45\best_model.pt
iteration3,MobileNetV3-Small robust,gaussian_noise,unseen_in_training,3,4306,0.7830933581049698,0.7196235272871526,0.8683531233866805,0.5012531328320802,0.7632567849686848,0.7456310679611651,0.10357640501625642,11.68150864326873,46,C:\git\fireDetection\checkpoints\iteration3-seed46\best_model.pt
iteration2,MobileNetV3-Small,jpeg,unseen_in_training,1,4306,0.8790060380863911,0.8340943294335064,0.9305730876041404,0.7,0.8524864187212704,0.8533178114086146,0.015327450069670179,1.713840560893269,42,C:\git\fireDetection\checkpoints\iteration2-seed42\best_model.pt
iteration2,MobileNetV3-Small,jpeg,unseen_in_training,1,4306,0.8704133766836971,0.8300564883935172,0.9208741522230596,0.7157057654075547,0.8349114862083162,0.8487345497351383,0.01346957733395271,1.523909616395175,43,C:\git\fireDetection\checkpoints\iteration2-seed43\best_model.pt
iteration2,MobileNetV3-Small,jpeg,unseen_in_training,1,4306,0.8857408267533674,0.8352349029845478,0.941,0.6881720430107527,0.8689541132699462,0.8428134556574923,0.015327450069670179,1.7010309278350462,44,C:\git\fireDetection\checkpoints\iteration2-seed44\best_model.pt
iteration2,MobileNetV3-Small,jpeg,unseen_in_training,1,4306,0.8622851834649327,0.8027069458729117,0.9278033794162827,0.6119162640901772,0.8496176720475785,0.8214904679376083,0.016256386437529025,1.8503832936822622,45,C:\git\fireDetection\checkpoints\iteration2-seed45\best_model.pt
iteration2,MobileNetV3-Small,jpeg,unseen_in_training,1,4306,0.8634463539247561,0.8189389298888494,0.9169010483252366,0.6830122591943958,0.8371717171717171,0.8386706948640483,0.021597770552717166,2.440304382051958,46,C:\git\fireDetection\checkpoints\iteration2-seed46\best_model.pt
iteration3,MobileNetV3-Small robust,jpeg,unseen_in_training,1,4306,0.8824895494658616,0.8435338372168576,0.9306476287608363,0.7290836653386454,0.8484599589322382,0.8659440958357102,0.008128193218764568,0.9126466753585457,42,C:\git\fireDetection\checkpoints\iteration3-seed42\best_model.pt
iteration3,MobileNetV3-Small robust,jpeg,unseen_in_training,1,4306,0.8850441244774733,0.8490239419299538,0.9320192064695476,0.746031746031746,0.8474295190713101,0.870615296147211,0.00859266140269399,0.9615384615384699,43,C:\git\fireDetection\checkpoints\iteration3-seed43\best_model.pt
iteration3,MobileNetV3-Small robust,jpeg,unseen_in_training,1,4306,0.8801672085462146,0.8380523609760732,0.9306930693069307,0.7131782945736435,0.8473879062114357,0.8609501738122828,0.007199256850905722,0.8113059408531809,44,C:\git\fireDetection\checkpoints\iteration3-seed44\best_model.pt
iteration3,MobileNetV3-Small robust,jpeg,unseen_in_training,1,4306,0.8869019972131909,0.8556259410853873,0.9317269076305221,0.7714884696016772,0.8432929377350606,0.875995449374289,0.00859266140269399,0.9595435684647386,45,C:\git\fireDetection\checkpoints\iteration3-seed45\best_model.pt
iteration3,MobileNetV3-Small robust,jpeg,unseen_in_training,1,4306,0.878309335810497,0.837324670233248,0.9291101055806938,0.7203219315895373,0.8401174989509023,0.8597491448118586,0.00836042731072928,0.9429020429544336,46,C:\git\fireDetection\checkpoints\iteration3-seed46\best_model.pt
iteration2,MobileNetV3-Small,jpeg,unseen_in_training,2,4306,0.8532280538783094,0.7993508265533392,0.9172327044025157,0.6331168831168831,0.8243757934828607,0.8226779252110977,0.04110543427775193,4.596208776941049,42,C:\git\fireDetection\checkpoints\iteration2-seed42\best_model.pt
iteration2,MobileNetV3-Small,jpeg,unseen_in_training,2,4306,0.8444031583836508,0.800570743607979,0.9018830525272548,0.6778398510242085,0.7988190636862084,0.8237410071942446,0.03947979563399906,4.466631634261691,43,C:\git\fireDetection\checkpoints\iteration2-seed43\best_model.pt
iteration2,MobileNetV3-Small,jpeg,unseen_in_training,2,4306,0.8467254993032978,0.7928271479350126,0.9132038357511679,0.6398659966499163,0.8111769686706182,0.807061790668348,0.054342777519739816,6.030927835051537,44,C:\git\fireDetection\checkpoints\iteration2-seed44\best_model.pt
iteration2,MobileNetV3-Small,jpeg,unseen_in_training,2,4306,0.8316302833255922,0.7704515646397598,0.9074733096085409,0.5760233918128655,0.8088044885627967,0.789505068574836,0.04691128657686949,5.339677504625959,45,C:\git\fireDetection\checkpoints\iteration2-seed45\best_model.pt
iteration2,MobileNetV3-Small,jpeg,unseen_in_training,2,4306,0.8237343241987923,0.7734103613179693,0.8899176954732511,0.6175548589341693,0.7924980047885076,0.7936708860759494,0.06130980027868094,6.927315665179746,46,C:\git\fireDetection\checkpoints\iteration2-seed46\best_model.pt
iteration3,MobileNetV3-Small robust,jpeg,unseen_in_training,2,4306,0.8534602879702741,0.8117109923847331,0.9056603773584906,0.6850828729281768,0.8166804293971924,0.8394202898550724,0.037157454714352056,4.172099087353323,42,C:\git\fireDetection\checkpoints\iteration3-seed42\best_model.pt
iteration3,MobileNetV3-Small robust,jpeg,unseen_in_training,2,4306,0.8615884811890385,0.8208030997428529,0.9137974365418446,0.7038461538461539,0.8220551378446115,0.8435136707388017,0.03204830469112874,3.586278586278595,43,C:\git\fireDetection\checkpoints\iteration3-seed43\best_model.pt
iteration3,MobileNetV3-Small robust,jpeg,unseen_in_training,2,4306,0.8522991175104505,0.8066598895388527,0.9072998231876737,0.6666666666666666,0.8159866777685262,0.8366863905325443,0.035067347886669764,3.951845066736457,44,C:\git\fireDetection\checkpoints\iteration3-seed44\best_model.pt
iteration3,MobileNetV3-Small robust,jpeg,unseen_in_training,2,4306,0.8611240130051091,0.8265956079419311,0.9095863264800594,0.7330677290836654,0.8127388535031848,0.8509895227008148,0.03437064561077574,3.8381742738589297,45,C:\git\fireDetection\checkpoints\iteration3-seed45\best_model.pt
iteration3,MobileNetV3-Small robust,jpeg,unseen_in_training,2,4306,0.8546214584300975,0.8129602058649917,0.909452736318408,0.6963249516441006,0.8073160357294769,0.8387470997679815,0.03204830469112874,3.6144578313253097,46,C:\git\fireDetection\checkpoints\iteration3-seed46\best_model.pt
iteration2,MobileNetV3-Small,jpeg,unseen_in_training,3,4306,0.7111007895959127,0.6437768056485667,0.8235016517225107,0.47761194029850745,0.581,0.6929936305732484,0.18323269856014857,20.48818488704232,42,C:\git\fireDetection\checkpoints\iteration2-seed42\best_model.pt
iteration2,MobileNetV3-Small,jpeg,unseen_in_training,3,4306,0.7261960055736182,0.6661443956187045,0.8213783403656821,0.5201149425287356,0.5978367748279253,0.7252475247524752,0.15768694844403164,17.840252233315823,43,C:\git\fireDetection\checkpoints\iteration2-seed43\best_model.pt
iteration2,MobileNetV3-Small,jpeg,unseen_in_training,3,4306,0.7013469577333953,0.6286626026055326,0.8183887118798362,0.472400513478819,0.5430944963655244,0.6807666886979511,0.1997213190896423,22.16494845360824,44,C:\git\fireDetection\checkpoints\iteration2-seed44\best_model.pt
iteration2,MobileNetV3-Small,jpeg,unseen_in_training,3,4306,0.6662796098467255,0.6006620781682773,0.7930861723446894,0.4008097165991903,0.5556660039761432,0.6530864197530865,0.21226196005573617,24.160719006079827,45,C:\git\fireDetection\checkpoints\iteration2-seed45\best_model.pt
iteration2,MobileNetV3-Small,jpeg,unseen_in_training,3,4306,0.6890385508592661,0.6189474703862753,0.8143306705398209,0.43701226309921964,0.587958607714017,0.6364883401920439,0.19600557361820714,22.146418262923113,46,C:\git\fireDetection\checkpoints\iteration2-seed46\best_model.pt
iteration3,MobileNetV3-Small robust,jpeg,unseen_in_training,3,4306,0.7614955875522527,0.7205933143129543,0.8354181996566102,0.6245733788395904,0.6575091575091575,0.7648725212464589,0.12912215513237346,14.498044328552806,42,C:\git\fireDetection\checkpoints\iteration3-seed42\best_model.pt
iteration3,MobileNetV3-Small robust,jpeg,unseen_in_training,3,4306,0.7603344170924292,0.7116651895987353,0.8417006966130195,0.5977382875605816,0.6515366430260048,0.7556851311953353,0.13330236878773805,14.916839916839917,43,C:\git\fireDetection\checkpoints\iteration3-seed43\best_model.pt
iteration3,MobileNetV3-Small robust,jpeg,unseen_in_training,3,4306,0.7440780306549002,0.6870648824993353,0.8306709265175719,0.5205091937765205,0.6561191251744998,0.7409602845287493,0.14328843474222008,16.147605338916506,44,C:\git\fireDetection\checkpoints\iteration3-seed44\best_model.pt
iteration3,MobileNetV3-Small robust,jpeg,unseen_in_training,3,4306,0.7724105898745935,0.7273973438755108,0.8475210477081384,0.6366906474820144,0.6510721247563352,0.7743055555555556,0.1230840687412913,13.744813278008307,45,C:\git\fireDetection\checkpoints\iteration3-seed45\best_model.pt
iteration3,MobileNetV3-Small robust,jpeg,unseen_in_training,3,4306,0.7675336739433348,0.7169935938219106,0.8461357763683345,0.6016806722689075,0.6490455212922174,0.7711124053581829,0.11913608917789142,13.436354112100588,46,C:\git\fireDetection\checkpoints\iteration3-seed46\best_model.pt
iteration2,MobileNetV3-Small,motion_blur,unseen_in_training,1,4306,0.8869019972131909,0.839865838450706,0.9420907495612936,0.704119850187266,0.8587281263337602,0.854524627720504,0.0074314909428704334,0.8309529992209839,42,C:\git\fireDetection\checkpoints\iteration2-seed42\best_model.pt
iteration2,MobileNetV3-Small,motion_blur,unseen_in_training,1,4306,0.8766836971667441,0.8354366914185016,0.9294585196224541,0.7233201581027668,0.8391726466863656,0.8497954412624197,0.007199256850905722,0.814503415659486,43,C:\git\fireDetection\checkpoints\iteration2-seed43\best_model.pt
iteration2,MobileNetV3-Small,motion_blur,unseen_in_training,1,4306,0.8941012540640966,0.839650024718867,0.9494494494494494,0.6737588652482269,0.8823281315900464,0.8530636525877454,0.0069670227589410105,0.7731958762886596,44,C:\git\fireDetection\checkpoints\iteration2-seed44\best_model.pt
iteration2,MobileNetV3-Small,motion_blur,unseen_in_training,1,4306,0.8676265675801208,0.806241898857627,0.9385277004806476,0.6158730158730159,0.8510266491917868,0.8195402298850575,0.010915002322340883,1.2424002114723722,45,C:\git\fireDetection\checkpoints\iteration2-seed45\best_model.pt
iteration2,MobileNetV3-Small,motion_blur,unseen_in_training,1,4306,0.8722712494194148,0.8266550655276899,0.9290224804243495,0.6945454545454546,0.8403361344537815,0.8427161926871736,0.012772875058058464,1.4431907635791064,46,C:\git\fireDetection\checkpoints\iteration2-seed46\best_model.pt
iteration3,MobileNetV3-Small robust,motion_blur,unseen_in_training,1,4306,0.8871342313051556,0.8464737241343407,0.9350583460172501,0.728,0.8580940491052851,0.8647425014148273,0.0034835113794705608,0.3911342894393803,42,C:\git\fireDetection\checkpoints\iteration3-seed42\best_model.pt
iteration3,MobileNetV3-Small robust,motion_blur,unseen_in_training,1,4306,0.8903855085926614,0.8482233297088821,0.9404341241797072,0.7272727272727273,0.8616798997074802,0.863506567675614,0.0032512772875058493,0.3638253638253687,43,C:\git\fireDetection\checkpoints\iteration3-seed43\best_model.pt
iteration3,MobileNetV3-Small robust,motion_blur,unseen_in_training,1,4306,0.8864375290292615,0.8433432394065538,0.9357287449392713,0.716,0.8563146997929607,0.8653295128939829,0.0009289363678587348,0.10468463752943502,44,C:\git\fireDetection\checkpoints\iteration3-seed44\best_model.pt
iteration3,MobileNetV3-Small robust,motion_blur,unseen_in_training,1,4306,0.8941012540640966,0.8615145621750759,0.9402310396785535,0.776824034334764,0.8549874266554903,0.8740157480314961,0.0013934045517882687,0.15560165975104473,45,C:\git\fireDetection\checkpoints\iteration3-seed45\best_model.pt
iteration3,MobileNetV3-Small robust,motion_blur,unseen_in_training,1,4306,0.8836507199256851,0.842409545213177,0.9324596774193549,0.7228915662650602,0.851010101010101,0.8632768361581921,0.003019043195541138,0.34049240440021317,46,C:\git\fireDetection\checkpoints\iteration3-seed46\best_model.pt
iteration2,MobileNetV3-Small,motion_blur,unseen_in_training,2,4306,0.8650719925685091,0.8045199321511127,0.9322709163346613,0.6235489220563848,0.848068669527897,0.8141912206855081,0.0292614955875522,3.271877434432609,42,C:\git\fireDetection\checkpoints\iteration2-seed42\best_model.pt
iteration2,MobileNetV3-Small,motion_blur,unseen_in_training,2,4306,0.8553181607059916,0.8037660645932678,0.9183874139626352,0.6617100371747212,0.8162393162393162,0.8187274909963985,0.028564793311658176,3.231739358906992,43,C:\git\fireDetection\checkpoints\iteration2-seed43\best_model.pt
iteration2,MobileNetV3-Small,motion_blur,unseen_in_training,2,4306,0.8748258244310265,0.811217109830122,0.9402649337665584,0.6113821138211382,0.86504895700298,0.8281724347298117,0.026242452392011062,2.912371134020609,44,C:\git\fireDetection\checkpoints\iteration2-seed44\best_model.pt
iteration2,MobileNetV3-Small,motion_blur,unseen_in_training,2,4306,0.8427775197398978,0.7748940120777197,0.924361244624336,0.5566714490674318,0.8269742679680568,0.7915690866510539,0.0357640501625639,4.070843246100982,45,C:\git\fireDetection\checkpoints\iteration2-seed45\best_model.pt
iteration2,MobileNetV3-Small,motion_blur,unseen_in_training,2,4306,0.8355782628889921,0.7726867692363064,0.9119638826185101,0.5834633385335414,0.8086367485182049,0.7866831072749692,0.04946586158848121,5.589084229860931,46,C:\git\fireDetection\checkpoints\iteration2-seed46\best_model.pt
iteration3,MobileNetV3-Small robust,motion_blur,unseen_in_training,2,4306,0.8778448676265675,0.8323009475131111,0.9312277126846663,0.6984732824427481,0.8517141676992979,0.8477886272257323,0.012772875058058575,1.434159061277711,42,C:\git\fireDetection\checkpoints\iteration3-seed42\best_model.pt
iteration3,MobileNetV3-Small robust,motion_blur,unseen_in_training,2,4306,0.8799349744542498,0.8357969372822495,0.9329623071085251,0.7072243346007605,0.8496677740863787,0.8533333333333334,0.01370181142591742,1.533264033264044,43,C:\git\fireDetection\checkpoints\iteration3-seed43\best_model.pt
iteration3,MobileNetV3-Small robust,motion_blur,unseen_in_training,2,4306,0.8778448676265675,0.832652542020445,0.9314097696785624,0.7001934235976789,0.8461855670103092,0.8528214077952297,0.009521597770552725,1.0730175346767872,44,C:\git\fireDetection\checkpoints\iteration3-seed44\best_model.pt
iteration3,MobileNetV3-Small robust,motion_blur,unseen_in_training,2,4306,0.885276358569438,0.8452469849584736,0.9355812783090085,0.7348643006263048,0.8506224066390041,0.8599199542595769,0.01021830004644686,1.1410788381742785,45,C:\git\fireDetection\checkpoints\iteration3-seed45\best_model.pt
iteration3,MobileNetV3-Small robust,motion_blur,unseen_in_training,2,4306,0.873664653971203,0.8291104807146357,0.9250253292806484,0.6972111553784861,0.8414481897627965,0.8527572484366117,0.013005109150023286,1.466736511262448,46,C:\git\fireDetection\checkpoints\iteration3-seed46\best_model.pt
iteration2,MobileNetV3-Small,motion_blur,unseen_in_training,3,4306,0.8327914537854157,0.76788969792982,0.910958904109589,0.5789473684210527,0.8012259194395797,0.7804265997490589,0.06154203437064554,6.881329524798746,42,C:\git\fireDetection\checkpoints\iteration2-seed42\best_model.pt
iteration2,MobileNetV3-Small,motion_blur,unseen_in_training,3,4306,0.826288899210404,0.7701200026025103,0.9020656136087485,0.6260869565217392,0.7760034527406129,0.7763239875389408,0.057594054807245776,6.516027325275888,43,C:\git\fireDetection\checkpoints\iteration2-seed43\best_model.pt
iteration2,MobileNetV3-Small,motion_blur,unseen_in_training,3,4306,0.8381328379006038,0.7690237355099749,0.9207677165354331,0.5618631732168851,0.8156862745098039,0.7777777777777778,0.0629354389224338,6.984536082474227,44,C:\git\fireDetection\checkpoints\iteration2-seed44\best_model.pt
iteration2,MobileNetV3-Small,motion_blur,unseen_in_training,3,4306,0.810032512772875,0.7379422579656825,0.904725802375537,0.5071151358344114,0.7936226749335695,0.7463054187192119,0.06850905712958666,7.798043880518111,45,C:\git\fireDetection\checkpoints\iteration2-seed45\best_model.pt
iteration2,MobileNetV3-Small,motion_blur,unseen_in_training,3,4306,0.80236878773804,0.7366532808503491,0.8896585848589807,0.546742209631728,0.7681720430107527,0.742040285899935,0.08267533673943328,9.341380215166616,46,C:\git\fireDetection\checkpoints\iteration2-seed46\best_model.pt
iteration3,MobileNetV3-Small robust,motion_blur,unseen_in_training,3,4306,0.8594983743613562,0.8140597034149409,0.9153236121770274,0.6791044776119403,0.8276985743380856,0.8341121495327103,0.03111936832326989,3.494132985658413,42,C:\git\fireDetection\checkpoints\iteration3-seed42\best_model.pt
iteration3,MobileNetV3-Small robust,motion_blur,unseen_in_training,3,4306,0.8599628425452857,0.815290815527817,0.9163710086163204,0.6844106463878327,0.8204283360790774,0.8399532710280374,0.033673943334881606,3.768191268191273,43,C:\git\fireDetection\checkpoints\iteration3-seed43\best_model.pt
iteration3,MobileNetV3-Small robust,motion_blur,unseen_in_training,3,4306,0.8597306084533209,0.8124049413814525,0.9180826781638346,0.6728624535315985,0.8239638900287238,0.8347107438016529,0.02763585694379933,3.114367966500914,44,C:\git\fireDetection\checkpoints\iteration3-seed44\best_model.pt
iteration3,MobileNetV3-Small robust,motion_blur,unseen_in_training,3,4306,0.8699489084997678,0.8283667563330829,0.9198782961460447,0.7066381156316917,0.8306320907617504,0.8563185227928448,0.02554575011611704,2.852697095435684,45,C:\git\fireDetection\checkpoints\iteration3-seed45\best_model.pt
iteration3,MobileNetV3-Small robust,motion_blur,unseen_in_training,3,4306,0.8601950766372504,0.8129977611250617,0.9148827726809379,0.6719367588932806,0.8266446007447249,0.8385269121813032,0.026474686483975884,2.9858564693556877,46,C:\git\fireDetection\checkpoints\iteration3-seed46\best_model.pt
